keyword,country,seed,source,retrieved_at,engine,volume_monthly_band,kd_display,cpc_usd,traffic_potential,growth,ui_metric_updated,exclusion_reason,screening_status,evidence
battery passport news today,us,battery passport,Ahrefs Free Keyword Generator,2026-10-02T13:34:04.288Z,Google,>100,N/A,,,,,news_or_political_head_term,excluded_from_shortlist,free-ui/battery-passport-us.json
eu battery passport news,us,battery passport,Ahrefs Free Keyword Generator,2026-10-02T13:34:04.288Z,Google,>100,N/A,,,,,news_or_political_head_term,excluded_from_shortlist,free-ui/battery-passport-us.json
eu battery passport regulation 2027,us,battery passport,Ahrefs Free Keyword Generator,2026-10-02T13:34:04.288Z,Google,>100,N/A,,,,,,candidate_not_qualified,free-ui/battery-passport-us.json
digital battery passport,us,battery passport,Ahrefs Free Keyword Generator,2026-10-02T13:34:04.288Z,Google,>100,N/A,,,,,,candidate_not_qualified,free-ui/battery-passport-us.json
battery passport,us,battery passport,Ahrefs Free Keyword Generator,2026-10-02T13:34:04.288Z,Google,<100,Medium,,,,19 September,,candidate_not_qualified,free-ui/battery-passport-us.json
eu battery passport news today,us,battery passport,Ahrefs Free Keyword Generator,2026-10-02T13:34:04.288Z,Google,<100,N/A,,,,,news_or_political_head_term,excluded_from_shortlist,free-ui/battery-passport-us.json
eu battery passport,us,battery passport,Ahrefs Free Keyword Generator,2026-10-02T13:34:04.288Z,Google,<100,Medium,,,,21 September,,candidate_not_qualified,free-ui/battery-passport-us.json
eu battery passport regulation,us,battery passport,Ahrefs Free Keyword Generator,2026-10-02T13:34:04.288Z,Google,<100,N/A,,,,,,candidate_not_qualified,free-ui/battery-passport-us.json
defence oem battery passport,us,battery passport,Ahrefs Free Keyword Generator,2026-10-02T13:34:04.288Z,Google,<100,N/A,,,,,different_defence_OEM_task,excluded_from_shortlist,free-ui/battery-passport-us.json
battery passport eu regulation,us,battery passport,Ahrefs Free Keyword Generator,2026-10-02T13:34:04.288Z,Google,<100,N/A,,,,,,candidate_not_qualified,free-ui/battery-passport-us.json
battery passport compliance,us,battery passport,Ahrefs Free Keyword Generator,2026-10-02T13:34:04.288Z,Google,<100,Sign up,,,,,,candidate_not_qualified,free-ui/battery-passport-us.json
battery passport eu news today,us,battery passport,Ahrefs Free Keyword Generator,2026-10-02T13:34:04.288Z,Google,<100,,,,,,news_or_political_head_term,excluded_from_shortlist,free-ui/battery-passport-us.json
ev battery passport,us,battery passport,Ahrefs Free Keyword Generator,2026-10-02T13:34:04.288Z,Google,<100,,,,,,,candidate_not_qualified,free-ui/battery-passport-us.json
open battery passport,us,battery passport,Ahrefs Free Keyword Generator,2026-10-02T13:34:04.288Z,Google,<100,,,,,,,candidate_not_qualified,free-ui/battery-passport-us.json
eu battery passport news today 2025,us,battery passport,Ahrefs Free Keyword Generator,2026-10-02T13:34:04.288Z,Google,<100,,,,,,news_or_political_head_term,excluded_from_shortlist,free-ui/battery-passport-us.json
ev battery passport news,us,battery passport,Ahrefs Free Keyword Generator,2026-10-02T13:34:04.288Z,Google,<100,,,,,,news_or_political_head_term,excluded_from_shortlist,free-ui/battery-passport-us.json
eu battery passport mandatory date,us,battery passport,Ahrefs Free Keyword Generator,2026-10-02T13:34:04.288Z,Google,<100,,,,,,,candidate_not_qualified,free-ui/battery-passport-us.json
eu battery passport mandatory 2027,us,battery passport,Ahrefs Free Keyword Generator,2026-10-02T13:34:04.288Z,Google,<100,,,,,,,candidate_not_qualified,free-ui/battery-passport-us.json
eu battery regulation digital battery passport,us,battery passport,Ahrefs Free Keyword Generator,2026-10-02T13:34:04.288Z,Google,<100,,,,,,,candidate_not_qualified,free-ui/battery-passport-us.json
battery passport eu,us,battery passport,Ahrefs Free Keyword Generator,2026-10-02T13:34:04.288Z,Google,<100,,,,,,,candidate_not_qualified,free-ui/battery-passport-us.json
booth rent,us,booth rent,Ahrefs Free Keyword Generator,2026-10-02T13:40:31.191Z,Google,>100,Easy,,,,25 August,,candidate_not_qualified,free-ui/booth-rent-us.json
booth rent salons near me,us,booth rent,Ahrefs Free Keyword Generator,2026-10-02T13:40:31.191Z,Google,>100,Easy,,,,5 days,local_service_or_local_vendor_intent,excluded_from_shortlist,free-ui/booth-rent-us.json
booth rent vs commission,us,booth rent,Ahrefs Free Keyword Generator,2026-10-02T13:40:31.191Z,Google,>100,Easy,,,,6 days,,candidate_not_qualified,free-ui/booth-rent-us.json
photo booth rent,us,booth rent,Ahrefs Free Keyword Generator,2026-10-02T13:40:31.191Z,Google,>100,Hard,,,,9 September,different_task_or_job_search,excluded_from_shortlist,free-ui/booth-rent-us.json
booth rent near me,us,booth rent,Ahrefs Free Keyword Generator,2026-10-02T13:40:31.191Z,Google,<100,Easy,,,,5 days,local_service_or_local_vendor_intent,excluded_from_shortlist,free-ui/booth-rent-us.json
hair salon booth rent jobs,us,booth rent,Ahrefs Free Keyword Generator,2026-10-02T13:40:31.191Z,Google,<100,N/A,,,,,different_task_or_job_search,excluded_from_shortlist,free-ui/booth-rent-us.json
booth rent salon near me,us,booth rent,Ahrefs Free Keyword Generator,2026-10-02T13:40:31.191Z,Google,<100,Easy,,,,15 September,local_service_or_local_vendor_intent,excluded_from_shortlist,free-ui/booth-rent-us.json
how much is booth rent at a salon,us,booth rent,Ahrefs Free Keyword Generator,2026-10-02T13:40:31.191Z,Google,<100,Easy,,,,about 8 hours,,candidate_not_qualified,free-ui/booth-rent-us.json
booth rent salon,us,booth rent,Ahrefs Free Keyword Generator,2026-10-02T13:40:31.191Z,Google,<100,Easy,,,,19 September,,candidate_not_qualified,free-ui/booth-rent-us.json
barber booth rent,us,booth rent,Ahrefs Free Keyword Generator,2026-10-02T13:40:31.191Z,Google,<100,Easy,,,,24 August,,candidate_not_qualified,free-ui/booth-rent-us.json
average booth rent for hairstylist,us,booth rent,Ahrefs Free Keyword Generator,2026-10-02T13:40:31.191Z,Google,<100,Sign up,,,,26 August,,candidate_not_qualified,free-ui/booth-rent-us.json
booth rent agreement,us,booth rent,Ahrefs Free Keyword Generator,2026-10-02T13:40:31.191Z,Google,<100,,,,,20 August,,candidate_not_qualified,free-ui/booth-rent-us.json
salon booth rent,us,booth rent,Ahrefs Free Keyword Generator,2026-10-02T13:40:31.191Z,Google,<100,,,,,17 August,,candidate_not_qualified,free-ui/booth-rent-us.json
average booth rent for barbers,us,booth rent,Ahrefs Free Keyword Generator,2026-10-02T13:40:31.191Z,Google,<100,,,,,,,candidate_not_qualified,free-ui/booth-rent-us.json
how much is booth rent for a barber,us,booth rent,Ahrefs Free Keyword Generator,2026-10-02T13:40:31.191Z,Google,<100,,,,,20 August,,candidate_not_qualified,free-ui/booth-rent-us.json
how much is barber booth rent per month,us,booth rent,Ahrefs Free Keyword Generator,2026-10-02T13:40:31.191Z,Google,<100,,,,,,,candidate_not_qualified,free-ui/booth-rent-us.json
salon booth rent near me,us,booth rent,Ahrefs Free Keyword Generator,2026-10-02T13:40:31.191Z,Google,<100,,,,,23 August,local_service_or_local_vendor_intent,excluded_from_shortlist,free-ui/booth-rent-us.json
how much is booth rent for a hair salon,us,booth rent,Ahrefs Free Keyword Generator,2026-10-02T13:40:31.191Z,Google,<100,,,,,,,candidate_not_qualified,free-ui/booth-rent-us.json
what is the average booth rent at a salon,us,booth rent,Ahrefs Free Keyword Generator,2026-10-02T13:40:31.191Z,Google,<100,,,,,24 August,,candidate_not_qualified,free-ui/booth-rent-us.json
salon booth rent chicago,us,booth rent,Ahrefs Free Keyword Generator,2026-10-02T13:40:31.191Z,Google,<100,,,,,,local_service_or_local_vendor_intent,excluded_from_shortlist,free-ui/booth-rent-us.json
accc cash discount rules,au,cash discount,Ahrefs Free Keyword Generator,2026-10-02T13:49:59.772Z,Google,>100,N/A,,,,,,candidate_not_qualified,free-ui/cash-discount-au.json
stan cash discount code,au,cash discount,Ahrefs Free Keyword Generator,2026-10-02T13:49:59.772Z,Google,<100,Easy,,,,21 August,vendor_brand_or_navigation,excluded_from_shortlist,free-ui/cash-discount-au.json
cash discount,au,cash discount,Ahrefs Free Keyword Generator,2026-10-02T13:49:59.772Z,Google,<100,Easy,,,,22 August,,candidate_not_qualified,free-ui/cash-discount-au.json
good guys cash discount,au,cash discount,Ahrefs Free Keyword Generator,2026-10-02T13:49:59.772Z,Google,<100,Easy,,,,1 day,vendor_brand_or_navigation,excluded_from_shortlist,free-ui/cash-discount-au.json
what is a cash discount,au,cash discount,Ahrefs Free Keyword Generator,2026-10-02T13:49:59.772Z,Google,<100,Easy,,,,23 September,,candidate_not_qualified,free-ui/cash-discount-au.json
cash discount trade discount,au,cash discount,Ahrefs Free Keyword Generator,2026-10-02T13:49:59.772Z,Google,<100,N/A,,,,,different_accounting_or_purchase_task,excluded_from_shortlist,free-ui/cash-discount-au.json
kohls cash discount code,au,cash discount,Ahrefs Free Keyword Generator,2026-10-02T13:49:59.772Z,Google,<100,N/A,,,,,vendor_brand_or_navigation,excluded_from_shortlist,free-ui/cash-discount-au.json
sap cash discount,au,cash discount,Ahrefs Free Keyword Generator,2026-10-02T13:49:59.772Z,Google,<100,N/A,,,,,vendor_brand_or_navigation,excluded_from_shortlist,free-ui/cash-discount-au.json
whats a cash discount,au,cash discount,Ahrefs Free Keyword Generator,2026-10-02T13:49:59.772Z,Google,<100,N/A,,,,,,candidate_not_qualified,free-ui/cash-discount-au.json
buying a car cash discount,au,cash discount,Ahrefs Free Keyword Generator,2026-10-02T13:49:59.772Z,Google,<100,N/A,,,,,different_accounting_or_purchase_task,excluded_from_shortlist,free-ui/cash-discount-au.json
dentist cash discount,au,cash discount,Ahrefs Free Keyword Generator,2026-10-02T13:49:59.772Z,Google,<100,Sign up,,,,,different_accounting_or_purchase_task,excluded_from_shortlist,free-ui/cash-discount-au.json
golf clubs for cash discount code,au,cash discount,Ahrefs Free Keyword Generator,2026-10-02T13:49:59.772Z,Google,<100,,,,,,vendor_brand_or_navigation,excluded_from_shortlist,free-ui/cash-discount-au.json
cash discount journal entry,au,cash discount,Ahrefs Free Keyword Generator,2026-10-02T13:49:59.772Z,Google,<100,,,,,,different_accounting_or_purchase_task,excluded_from_shortlist,free-ui/cash-discount-au.json
cash discount credit card machine for sale,au,cash discount,Ahrefs Free Keyword Generator,2026-10-02T13:49:59.772Z,Google,<100,,,,,,different_accounting_or_purchase_task,excluded_from_shortlist,free-ui/cash-discount-au.json
iso cash discount program,au,cash discount,Ahrefs Free Keyword Generator,2026-10-02T13:49:59.772Z,Google,<100,,,,,,different_accounting_or_purchase_task,excluded_from_shortlist,free-ui/cash-discount-au.json
cash discount 2/10 net 30,au,cash discount,Ahrefs Free Keyword Generator,2026-10-02T13:49:59.772Z,Google,<100,,,,,,different_accounting_or_purchase_task,excluded_from_shortlist,free-ui/cash-discount-au.json
cost of giving up cash discount formula,au,cash discount,Ahrefs Free Keyword Generator,2026-10-02T13:49:59.772Z,Google,<100,,,,,,different_accounting_or_purchase_task,excluded_from_shortlist,free-ui/cash-discount-au.json
cash discount on online purchase,au,cash discount,Ahrefs Free Keyword Generator,2026-10-02T13:49:59.772Z,Google,<100,,,,,,,candidate_not_qualified,free-ui/cash-discount-au.json
cash discount example,au,cash discount,Ahrefs Free Keyword Generator,2026-10-02T13:49:59.772Z,Google,<100,,,,,,,candidate_not_qualified,free-ui/cash-discount-au.json
how to calculate cash discount and trade discount,au,cash discount,Ahrefs Free Keyword Generator,2026-10-02T13:49:59.772Z,Google,<100,,,,,,different_accounting_or_purchase_task,excluded_from_shortlist,free-ui/cash-discount-au.json
digital waste tracking,gb,digital waste tracking,Ahrefs Free Keyword Generator,2026-10-02T13:44:08.156Z,Google,>100,Easy,,,,19 September,,candidate_not_qualified,free-ui/digital-waste-tracking-gb.json
digital waste tracking uk,gb,digital waste tracking,Ahrefs Free Keyword Generator,2026-10-02T13:44:08.156Z,Google,>100,N/A,,,,,,candidate_not_qualified,free-ui/digital-waste-tracking-gb.json
digital waste tracking software,gb,digital waste tracking,Ahrefs Free Keyword Generator,2026-10-02T13:44:08.156Z,Google,>100,N/A,,,,,,candidate_not_qualified,free-ui/digital-waste-tracking-gb.json
mandatory digital waste tracking,gb,digital waste tracking,Ahrefs Free Keyword Generator,2026-10-02T13:44:08.156Z,Google,<100,N/A,,,,,,candidate_not_qualified,free-ui/digital-waste-tracking-gb.json
defra digital waste tracking,gb,digital waste tracking,Ahrefs Free Keyword Generator,2026-10-02T13:44:08.156Z,Google,<100,N/A,,,,,,candidate_not_qualified,free-ui/digital-waste-tracking-gb.json
digital waste tracking legislation,gb,digital waste tracking,Ahrefs Free Keyword Generator,2026-10-02T13:44:08.156Z,Google,<100,N/A,,,,,,candidate_not_qualified,free-ui/digital-waste-tracking-gb.json
digital waste tracking service,gb,digital waste tracking,Ahrefs Free Keyword Generator,2026-10-02T13:44:08.156Z,Google,<100,N/A,,,,,,candidate_not_qualified,free-ui/digital-waste-tracking-gb.json
what is digital waste tracking,gb,digital waste tracking,Ahrefs Free Keyword Generator,2026-10-02T13:44:08.156Z,Google,<100,N/A,,,,,,candidate_not_qualified,free-ui/digital-waste-tracking-gb.json
what is digital waste tracking?,gb,digital waste tracking,Ahrefs Free Keyword Generator,2026-10-02T13:44:08.156Z,Google,<100,N/A,,,,,,candidate_not_qualified,free-ui/digital-waste-tracking-gb.json
digital waste tracking system,gb,digital waste tracking,Ahrefs Free Keyword Generator,2026-10-02T13:44:08.156Z,Google,<100,N/A,,,,,,candidate_not_qualified,free-ui/digital-waste-tracking-gb.json
what is mandatory digital waste tracking?,gb,digital waste tracking,Ahrefs Free Keyword Generator,2026-10-02T13:44:08.156Z,Google,<100,Sign up,,,,,,candidate_not_qualified,free-ui/digital-waste-tracking-gb.json
digital waste tracking defra,gb,digital waste tracking,Ahrefs Free Keyword Generator,2026-10-02T13:44:08.156Z,Google,<100,,,,,,,candidate_not_qualified,free-ui/digital-waste-tracking-gb.json
digital waste tracking (england) regulations 2026,gb,digital waste tracking,Ahrefs Free Keyword Generator,2026-10-02T13:44:08.156Z,Google,<100,,,,,,,candidate_not_qualified,free-ui/digital-waste-tracking-gb.json
digital waste tracking regulations,gb,digital waste tracking,Ahrefs Free Keyword Generator,2026-10-02T13:44:08.156Z,Google,<100,,,,,,,candidate_not_qualified,free-ui/digital-waste-tracking-gb.json
digital waste tracking 2026,gb,digital waste tracking,Ahrefs Free Keyword Generator,2026-10-02T13:44:08.156Z,Google,<100,,,,,,,candidate_not_qualified,free-ui/digital-waste-tracking-gb.json
digital waste tracking system uk,gb,digital waste tracking,Ahrefs Free Keyword Generator,2026-10-02T13:44:08.156Z,Google,<100,,,,,,,candidate_not_qualified,free-ui/digital-waste-tracking-gb.json
digital waste tracking explained,gb,digital waste tracking,Ahrefs Free Keyword Generator,2026-10-02T13:44:08.156Z,Google,<100,,,,,,,candidate_not_qualified,free-ui/digital-waste-tracking-gb.json
uk digital waste tracking,gb,digital waste tracking,Ahrefs Free Keyword Generator,2026-10-02T13:44:08.156Z,Google,<100,,,,,,,candidate_not_qualified,free-ui/digital-waste-tracking-gb.json
digital waste tracking platform,gb,digital waste tracking,Ahrefs Free Keyword Generator,2026-10-02T13:44:08.156Z,Google,<100,,,,,,,candidate_not_qualified,free-ui/digital-waste-tracking-gb.json
digital waste tracking spreadsheet,gb,digital waste tracking,Ahrefs Free Keyword Generator,2026-10-02T13:44:08.156Z,Google,<100,,,,,,,candidate_not_qualified,free-ui/digital-waste-tracking-gb.json
digital waste tracking,us,digital waste tracking,Ahrefs Free Keyword Generator,2026-10-02T13:36:31.823Z,Google,<100,N/A,,,,,wrong_market_for_UK_policy,excluded_from_shortlist,free-ui/digital-waste-tracking-us.json
labs digital waste tracking methods,us,digital waste tracking,Ahrefs Free Keyword Generator,2026-10-02T13:36:31.823Z,Google,<100,N/A,,,,,wrong_market_for_UK_policy,excluded_from_shortlist,free-ui/digital-waste-tracking-us.json
digital waste tracking software,us,digital waste tracking,Ahrefs Free Keyword Generator,2026-10-02T13:36:31.823Z,Google,<100,N/A,,,,,wrong_market_for_UK_policy,excluded_from_shortlist,free-ui/digital-waste-tracking-us.json
digital waste tracking uk,us,digital waste tracking,Ahrefs Free Keyword Generator,2026-10-02T13:36:31.823Z,Google,<100,N/A,,,,,wrong_market_for_UK_policy,excluded_from_shortlist,free-ui/digital-waste-tracking-us.json
b&m waste services digital waste tracking,us,digital waste tracking,Ahrefs Free Keyword Generator,2026-10-02T13:36:31.823Z,Google,<100,N/A,,,,,vendor_brand_or_navigation,excluded_from_shortlist,free-ui/digital-waste-tracking-us.json
biffa digital waste tracking technology,us,digital waste tracking,Ahrefs Free Keyword Generator,2026-10-02T13:36:31.823Z,Google,<100,N/A,,,,,vendor_brand_or_navigation,excluded_from_shortlist,free-ui/digital-waste-tracking-us.json
suez digital waste tracking,us,digital waste tracking,Ahrefs Free Keyword Generator,2026-10-02T13:36:31.823Z,Google,<100,N/A,,,,,vendor_brand_or_navigation,excluded_from_shortlist,free-ui/digital-waste-tracking-us.json
digital waste tracking service,us,digital waste tracking,Ahrefs Free Keyword Generator,2026-10-02T13:36:31.823Z,Google,<100,N/A,,,,,wrong_market_for_UK_policy,excluded_from_shortlist,free-ui/digital-waste-tracking-us.json
digital waste tracking 2026,us,digital waste tracking,Ahrefs Free Keyword Generator,2026-10-02T13:36:31.823Z,Google,<100,N/A,,,,,wrong_market_for_UK_policy,excluded_from_shortlist,free-ui/digital-waste-tracking-us.json
digital waste tracking software uk,us,digital waste tracking,Ahrefs Free Keyword Generator,2026-10-02T13:36:31.823Z,Google,<100,N/A,,,,,wrong_market_for_UK_policy,excluded_from_shortlist,free-ui/digital-waste-tracking-us.json
defra digital waste tracking,us,digital waste tracking,Ahrefs Free Keyword Generator,2026-10-02T13:36:31.823Z,Google,<100,Sign up,,,,,wrong_market_for_UK_policy,excluded_from_shortlist,free-ui/digital-waste-tracking-us.json
digital waste tracking legislation,us,digital waste tracking,Ahrefs Free Keyword Generator,2026-10-02T13:36:31.823Z,Google,<100,,,,,,wrong_market_for_UK_policy,excluded_from_shortlist,free-ui/digital-waste-tracking-us.json
suez digital waste tracking uk,us,digital waste tracking,Ahrefs Free Keyword Generator,2026-10-02T13:36:31.823Z,Google,<100,,,,,,vendor_brand_or_navigation,excluded_from_shortlist,free-ui/digital-waste-tracking-us.json
first mile recycling digital waste tracking,us,digital waste tracking,Ahrefs Free Keyword Generator,2026-10-02T13:36:31.823Z,Google,<100,,,,,,vendor_brand_or_navigation,excluded_from_shortlist,free-ui/digital-waste-tracking-us.json
grundon digital waste tracking,us,digital waste tracking,Ahrefs Free Keyword Generator,2026-10-02T13:36:31.823Z,Google,<100,,,,,,vendor_brand_or_navigation,excluded_from_shortlist,free-ui/digital-waste-tracking-us.json
grundon waste management digital waste tracking,us,digital waste tracking,Ahrefs Free Keyword Generator,2026-10-02T13:36:31.823Z,Google,<100,,,,,,vendor_brand_or_navigation,excluded_from_shortlist,free-ui/digital-waste-tracking-us.json
digital waste tracking system,us,digital waste tracking,Ahrefs Free Keyword Generator,2026-10-02T13:36:31.823Z,Google,<100,,,,,,wrong_market_for_UK_policy,excluded_from_shortlist,free-ui/digital-waste-tracking-us.json
digital waste tracking regulations,us,digital waste tracking,Ahrefs Free Keyword Generator,2026-10-02T13:36:31.823Z,Google,<100,,,,,,wrong_market_for_UK_policy,excluded_from_shortlist,free-ui/digital-waste-tracking-us.json
what is digital waste tracking?,us,digital waste tracking,Ahrefs Free Keyword Generator,2026-10-02T13:36:31.823Z,Google,<100,,,,,,wrong_market_for_UK_policy,excluded_from_shortlist,free-ui/digital-waste-tracking-us.json
b&m waste services digital waste tracking review,us,digital waste tracking,Ahrefs Free Keyword Generator,2026-10-02T13:36:31.823Z,Google,<100,,,,,,vendor_brand_or_navigation,excluded_from_shortlist,free-ui/digital-waste-tracking-us.json
fall cleanup,us,fall cleanup,Ahrefs Free Keyword Generator,2026-10-02T13:41:39.419Z,Google,>100,Easy,,,,7 days,,candidate_not_qualified,free-ui/fall-cleanup-us.json
residential fall cleanup,us,fall cleanup,Ahrefs Free Keyword Generator,2026-10-02T13:41:39.419Z,Google,>100,N/A,,,,,,candidate_not_qualified,free-ui/fall-cleanup-us.json
spring/fall cleanup service near me,us,fall cleanup,Ahrefs Free Keyword Generator,2026-10-02T13:41:39.419Z,Google,>100,N/A,,,,,local_service_or_local_vendor_intent,excluded_from_shortlist,free-ui/fall-cleanup-us.json
fall cleanup services,us,fall cleanup,Ahrefs Free Keyword Generator,2026-10-02T13:41:39.419Z,Google,>100,Easy,,,,26 August,consumer_service_or_equipment_intent,excluded_from_shortlist,free-ui/fall-cleanup-us.json
fall cleanup near me,us,fall cleanup,Ahrefs Free Keyword Generator,2026-10-02T13:41:39.419Z,Google,>100,Easy,,,,16 August,local_service_or_local_vendor_intent,excluded_from_shortlist,free-ui/fall-cleanup-us.json
fall cleanup service,us,fall cleanup,Ahrefs Free Keyword Generator,2026-10-02T13:41:39.419Z,Google,>100,Easy,,,,10 September,consumer_service_or_equipment_intent,excluded_from_shortlist,free-ui/fall-cleanup-us.json
fall cleanup landscaping,us,fall cleanup,Ahrefs Free Keyword Generator,2026-10-02T13:41:39.419Z,Google,<100,Easy,,,,8 days,,candidate_not_qualified,free-ui/fall-cleanup-us.json
fall cleanup services in plano tx,us,fall cleanup,Ahrefs Free Keyword Generator,2026-10-02T13:41:39.419Z,Google,<100,N/A,,,,,local_service_or_local_vendor_intent,excluded_from_shortlist,free-ui/fall-cleanup-us.json
fall cleanup tools,us,fall cleanup,Ahrefs Free Keyword Generator,2026-10-02T13:41:39.419Z,Google,<100,N/A,,,,,consumer_service_or_equipment_intent,excluded_from_shortlist,free-ui/fall-cleanup-us.json
dallas fall cleanup,us,fall cleanup,Ahrefs Free Keyword Generator,2026-10-02T13:41:39.419Z,Google,<100,N/A,,,,,local_service_or_local_vendor_intent,excluded_from_shortlist,free-ui/fall-cleanup-us.json
spring and fall cleanup,us,fall cleanup,Ahrefs Free Keyword Generator,2026-10-02T13:41:39.419Z,Google,<100,Sign up,,,,3 September,,candidate_not_qualified,free-ui/fall-cleanup-us.json
fall cleanup prices,us,fall cleanup,Ahrefs Free Keyword Generator,2026-10-02T13:41:39.419Z,Google,<100,,,,,20 August,,candidate_not_qualified,free-ui/fall-cleanup-us.json
landscaping fall cleanup prices,us,fall cleanup,Ahrefs Free Keyword Generator,2026-10-02T13:41:39.419Z,Google,<100,,,,,5 days,,candidate_not_qualified,free-ui/fall-cleanup-us.json
colorado springs fall cleanup,us,fall cleanup,Ahrefs Free Keyword Generator,2026-10-02T13:41:39.419Z,Google,<100,,,,,,local_service_or_local_vendor_intent,excluded_from_shortlist,free-ui/fall-cleanup-us.json
yard fall cleanup,us,fall cleanup,Ahrefs Free Keyword Generator,2026-10-02T13:41:39.419Z,Google,<100,,,,,,,candidate_not_qualified,free-ui/fall-cleanup-us.json
best yard tools for fall cleanup,us,fall cleanup,Ahrefs Free Keyword Generator,2026-10-02T13:41:39.419Z,Google,<100,,,,,,consumer_service_or_equipment_intent,excluded_from_shortlist,free-ui/fall-cleanup-us.json
fall cleanup service louisville,us,fall cleanup,Ahrefs Free Keyword Generator,2026-10-02T13:41:39.419Z,Google,<100,,,,,,local_service_or_local_vendor_intent,excluded_from_shortlist,free-ui/fall-cleanup-us.json
fort lauderdale fall cleanup,us,fall cleanup,Ahrefs Free Keyword Generator,2026-10-02T13:41:39.419Z,Google,<100,,,,,,local_service_or_local_vendor_intent,excluded_from_shortlist,free-ui/fall-cleanup-us.json
fall cleanup louisville,us,fall cleanup,Ahrefs Free Keyword Generator,2026-10-02T13:41:39.419Z,Google,<100,,,,,,local_service_or_local_vendor_intent,excluded_from_shortlist,free-ui/fall-cleanup-us.json
cape coral fall cleanup,us,fall cleanup,Ahrefs Free Keyword Generator,2026-10-02T13:41:39.419Z,Google,<100,,,,,,local_service_or_local_vendor_intent,excluded_from_shortlist,free-ui/fall-cleanup-us.json
labor burden,us,labor burden,Ahrefs Free Keyword Generator,2026-10-02T13:40:31.208Z,Google,>100,Easy,,,,21 August,,candidate_not_qualified,free-ui/labor-burden-us.json
labor burden calculator,us,labor burden,Ahrefs Free Keyword Generator,2026-10-02T13:40:31.208Z,Google,>100,Easy,,,,19 September,,candidate_not_qualified,free-ui/labor-burden-us.json
what is labor burden,us,labor burden,Ahrefs Free Keyword Generator,2026-10-02T13:40:31.208Z,Google,>100,Easy,,,,7 September,,candidate_not_qualified,free-ui/labor-burden-us.json
labor burden meaning,us,labor burden,Ahrefs Free Keyword Generator,2026-10-02T13:40:31.208Z,Google,>100,Easy,,,,11 September,,candidate_not_qualified,free-ui/labor-burden-us.json
what is labor burden in construction,us,labor burden,Ahrefs Free Keyword Generator,2026-10-02T13:40:31.208Z,Google,>100,Easy,,,,6 September,,candidate_not_qualified,free-ui/labor-burden-us.json
how to calculate labor burden,us,labor burden,Ahrefs Free Keyword Generator,2026-10-02T13:40:31.208Z,Google,<100,Easy,,,,22 September,,candidate_not_qualified,free-ui/labor-burden-us.json
labor burden rate,us,labor burden,Ahrefs Free Keyword Generator,2026-10-02T13:40:31.208Z,Google,<100,Easy,,,,10 September,,candidate_not_qualified,free-ui/labor-burden-us.json
labor burden rate calculator,us,labor burden,Ahrefs Free Keyword Generator,2026-10-02T13:40:31.208Z,Google,<100,Easy,,,,18 September,,candidate_not_qualified,free-ui/labor-burden-us.json
calculating labor burden,us,labor burden,Ahrefs Free Keyword Generator,2026-10-02T13:40:31.208Z,Google,<100,Easy,,,,15 September,,candidate_not_qualified,free-ui/labor-burden-us.json
labor burden percentage,us,labor burden,Ahrefs Free Keyword Generator,2026-10-02T13:40:31.208Z,Google,<100,Easy,,,,4 days,,candidate_not_qualified,free-ui/labor-burden-us.json
labor burden calculator excel,us,labor burden,Ahrefs Free Keyword Generator,2026-10-02T13:40:31.208Z,Google,<100,Sign up,,,,23 September,,candidate_not_qualified,free-ui/labor-burden-us.json
how to calculate labor burden for construction,us,labor burden,Ahrefs Free Keyword Generator,2026-10-02T13:40:31.208Z,Google,<100,,,,,19 September,,candidate_not_qualified,free-ui/labor-burden-us.json
labor burden calculation,us,labor burden,Ahrefs Free Keyword Generator,2026-10-02T13:40:31.208Z,Google,<100,,,,,8 days,,candidate_not_qualified,free-ui/labor-burden-us.json
labor burden construction,us,labor burden,Ahrefs Free Keyword Generator,2026-10-02T13:40:31.208Z,Google,<100,,,,,9 September,,candidate_not_qualified,free-ui/labor-burden-us.json
average labor burden rate,us,labor burden,Ahrefs Free Keyword Generator,2026-10-02T13:40:31.208Z,Google,<100,,,,,4 days,,candidate_not_qualified,free-ui/labor-burden-us.json
what is a labor burden,us,labor burden,Ahrefs Free Keyword Generator,2026-10-02T13:40:31.208Z,Google,<100,,,,,17 September,,candidate_not_qualified,free-ui/labor-burden-us.json
free labor burden calculator,us,labor burden,Ahrefs Free Keyword Generator,2026-10-02T13:40:31.208Z,Google,<100,,,,,12 September,,candidate_not_qualified,free-ui/labor-burden-us.json
labor burden costs,us,labor burden,Ahrefs Free Keyword Generator,2026-10-02T13:40:31.208Z,Google,<100,,,,,,,candidate_not_qualified,free-ui/labor-burden-us.json
how to calculate labor burden rate,us,labor burden,Ahrefs Free Keyword Generator,2026-10-02T13:40:31.208Z,Google,<100,,,,,20 August,,candidate_not_qualified,free-ui/labor-burden-us.json
labor burden definition,us,labor burden,Ahrefs Free Keyword Generator,2026-10-02T13:40:31.208Z,Google,<100,,,,,24 September,,candidate_not_qualified,free-ui/labor-burden-us.json
no tax on tips,us,no tax on tips,Ahrefs Free Keyword Generator,2026-10-02T13:39:13.518Z,Google,">10,000",Hard,,,,8 days,,candidate_not_qualified,free-ui/no-tax-on-tips-us.json
no tax on tips 2025,us,no tax on tips,Ahrefs Free Keyword Generator,2026-10-02T13:39:13.518Z,Google,>1000,Hard,,,,about 6 hours,,candidate_not_qualified,free-ui/no-tax-on-tips-us.json
when does no tax on tips start,us,no tax on tips,Ahrefs Free Keyword Generator,2026-10-02T13:39:13.518Z,Google,>1000,Hard,,,,8 September,,candidate_not_qualified,free-ui/no-tax-on-tips-us.json
how does no tax on tips work,us,no tax on tips,Ahrefs Free Keyword Generator,2026-10-02T13:39:13.518Z,Google,>1000,Easy,,,,7 September,,candidate_not_qualified,free-ui/no-tax-on-tips-us.json
no tax on tips calculator,us,no tax on tips,Ahrefs Free Keyword Generator,2026-10-02T13:39:13.518Z,Google,>1000,Easy,,,,8 September,,candidate_not_qualified,free-ui/no-tax-on-tips-us.json
no tax on tips rules,us,no tax on tips,Ahrefs Free Keyword Generator,2026-10-02T13:39:13.518Z,Google,>100,Hard,,,,19 September,,candidate_not_qualified,free-ui/no-tax-on-tips-us.json
is no tax on tips in effect,us,no tax on tips,Ahrefs Free Keyword Generator,2026-10-02T13:39:13.518Z,Google,>100,Easy,,,,4 days,,candidate_not_qualified,free-ui/no-tax-on-tips-us.json
no tax on tips bill,us,no tax on tips,Ahrefs Free Keyword Generator,2026-10-02T13:39:13.518Z,Google,>100,Easy,,,,7 days,,candidate_not_qualified,free-ui/no-tax-on-tips-us.json
when will no tax on tips go into effect,us,no tax on tips,Ahrefs Free Keyword Generator,2026-10-02T13:39:13.518Z,Google,>100,Medium,,,,3 days,,candidate_not_qualified,free-ui/no-tax-on-tips-us.json
trump no tax on tips,us,no tax on tips,Ahrefs Free Keyword Generator,2026-10-02T13:39:13.518Z,Google,>100,N/A,,,,,news_or_political_head_term,excluded_from_shortlist,free-ui/no-tax-on-tips-us.json
no tax on tips 2026,us,no tax on tips,Ahrefs Free Keyword Generator,2026-10-02T13:39:13.518Z,Google,>100,Sign up,,,,,,candidate_not_qualified,free-ui/no-tax-on-tips-us.json
how does the no tax on tips work,us,no tax on tips,Ahrefs Free Keyword Generator,2026-10-02T13:39:13.518Z,Google,>100,,,,,15 September,,candidate_not_qualified,free-ui/no-tax-on-tips-us.json
when does no tax on tips go into effect,us,no tax on tips,Ahrefs Free Keyword Generator,2026-10-02T13:39:13.518Z,Google,>100,,,,,2 days,,candidate_not_qualified,free-ui/no-tax-on-tips-us.json
no tax on tips explained,us,no tax on tips,Ahrefs Free Keyword Generator,2026-10-02T13:39:13.518Z,Google,>100,,,,,about 15 hours,,candidate_not_qualified,free-ui/no-tax-on-tips-us.json
what does no tax on tips mean,us,no tax on tips,Ahrefs Free Keyword Generator,2026-10-02T13:39:13.518Z,Google,>100,,,,,9 September,,candidate_not_qualified,free-ui/no-tax-on-tips-us.json
no tax on tips california,us,no tax on tips,Ahrefs Free Keyword Generator,2026-10-02T13:39:13.518Z,Google,>100,,,,,5 days,,candidate_not_qualified,free-ui/no-tax-on-tips-us.json
no tax on tips provision,us,no tax on tips,Ahrefs Free Keyword Generator,2026-10-02T13:39:13.518Z,Google,>100,,,,,22 September,,candidate_not_qualified,free-ui/no-tax-on-tips-us.json
is there no tax on tips,us,no tax on tips,Ahrefs Free Keyword Generator,2026-10-02T13:39:13.518Z,Google,>100,,,,,,,candidate_not_qualified,free-ui/no-tax-on-tips-us.json
when does the no tax on tips start,us,no tax on tips,Ahrefs Free Keyword Generator,2026-10-02T13:39:13.518Z,Google,>100,,,,,3 September,,candidate_not_qualified,free-ui/no-tax-on-tips-us.json
no tax on tips bill passed,us,no tax on tips,Ahrefs Free Keyword Generator,2026-10-02T13:39:13.518Z,Google,>100,,,,,29 August,,candidate_not_qualified,free-ui/no-tax-on-tips-us.json
overtime tax deduction,us,overtime tax deduction,Ahrefs Free Keyword Generator,2026-10-02T13:37:49.094Z,Google,>1000,Easy,,,,7 days,,candidate_not_qualified,free-ui/overtime-tax-deduction-us.json
overtime tax deduction 2025,us,overtime tax deduction,Ahrefs Free Keyword Generator,2026-10-02T13:37:49.094Z,Google,>1000,Medium,,,,15 September,,candidate_not_qualified,free-ui/overtime-tax-deduction-us.json
2025 overtime tax deduction,us,overtime tax deduction,Ahrefs Free Keyword Generator,2026-10-02T13:37:49.094Z,Google,>1000,Medium,,,,8 September,,candidate_not_qualified,free-ui/overtime-tax-deduction-us.json
overtime tax deduction calculator 2025,us,overtime tax deduction,Ahrefs Free Keyword Generator,2026-10-02T13:37:49.094Z,Google,>1000,Easy,,,,22 September,,candidate_not_qualified,free-ui/overtime-tax-deduction-us.json
overtime tax deduction calculator,us,overtime tax deduction,Ahrefs Free Keyword Generator,2026-10-02T13:37:49.094Z,Google,>100,Medium,,,,3 days,,candidate_not_qualified,free-ui/overtime-tax-deduction-us.json
how does the overtime tax deduction work,us,overtime tax deduction,Ahrefs Free Keyword Generator,2026-10-02T13:37:49.094Z,Google,>100,N/A,,,,,,candidate_not_qualified,free-ui/overtime-tax-deduction-us.json
how to calculate overtime tax deduction 2025,us,overtime tax deduction,Ahrefs Free Keyword Generator,2026-10-02T13:37:49.094Z,Google,>100,Easy,,,,5 days,,candidate_not_qualified,free-ui/overtime-tax-deduction-us.json
how to calculate overtime tax deduction,us,overtime tax deduction,Ahrefs Free Keyword Generator,2026-10-02T13:37:49.094Z,Google,>100,N/A,,,,,,candidate_not_qualified,free-ui/overtime-tax-deduction-us.json
what is the overtime tax deduction,us,overtime tax deduction,Ahrefs Free Keyword Generator,2026-10-02T13:37:49.094Z,Google,>100,N/A,,,,,,candidate_not_qualified,free-ui/overtime-tax-deduction-us.json
trump overtime tax deduction,us,overtime tax deduction,Ahrefs Free Keyword Generator,2026-10-02T13:37:49.094Z,Google,>100,Hard,,,,11 September,news_or_political_head_term,excluded_from_shortlist,free-ui/overtime-tax-deduction-us.json
how to figure out overtime tax deduction,us,overtime tax deduction,Ahrefs Free Keyword Generator,2026-10-02T13:37:49.094Z,Google,>100,Sign up,,,,,,candidate_not_qualified,free-ui/overtime-tax-deduction-us.json
qualified overtime tax deduction,us,overtime tax deduction,Ahrefs Free Keyword Generator,2026-10-02T13:37:49.094Z,Google,>100,,,,,,,candidate_not_qualified,free-ui/overtime-tax-deduction-us.json
overtime tax deduction on w2,us,overtime tax deduction,Ahrefs Free Keyword Generator,2026-10-02T13:37:49.094Z,Google,>100,,,,,,,candidate_not_qualified,free-ui/overtime-tax-deduction-us.json
how to claim overtime tax deduction,us,overtime tax deduction,Ahrefs Free Keyword Generator,2026-10-02T13:37:49.094Z,Google,>100,,,,,,,candidate_not_qualified,free-ui/overtime-tax-deduction-us.json
how to calculate your overtime tax deduction,us,overtime tax deduction,Ahrefs Free Keyword Generator,2026-10-02T13:37:49.094Z,Google,>100,,,,,,,candidate_not_qualified,free-ui/overtime-tax-deduction-us.json
how does overtime tax deduction work,us,overtime tax deduction,Ahrefs Free Keyword Generator,2026-10-02T13:37:49.094Z,Google,>100,,,,,,,candidate_not_qualified,free-ui/overtime-tax-deduction-us.json
calculate overtime tax deduction,us,overtime tax deduction,Ahrefs Free Keyword Generator,2026-10-02T13:37:49.094Z,Google,>100,,,,,,,candidate_not_qualified,free-ui/overtime-tax-deduction-us.json
overtime tax deduction limits,us,overtime tax deduction,Ahrefs Free Keyword Generator,2026-10-02T13:37:49.094Z,Google,>100,,,,,,,candidate_not_qualified,free-ui/overtime-tax-deduction-us.json
how will the overtime tax deduction work,us,overtime tax deduction,Ahrefs Free Keyword Generator,2026-10-02T13:37:49.094Z,Google,>100,,,,,,,candidate_not_qualified,free-ui/overtime-tax-deduction-us.json
flsa overtime tax deduction,us,overtime tax deduction,Ahrefs Free Keyword Generator,2026-10-02T13:37:49.094Z,Google,>100,,,,,,,candidate_not_qualified,free-ui/overtime-tax-deduction-us.json
packaging epr news,us,packaging epr,Ahrefs Free Keyword Generator,2026-10-02T13:35:40.828Z,Google,>100,N/A,,,,,news_or_political_head_term,excluded_from_shortlist,free-ui/packaging-epr-us.json
uk packaging epr news,us,packaging epr,Ahrefs Free Keyword Generator,2026-10-02T13:35:40.828Z,Google,>100,N/A,,,,,news_or_political_head_term,excluded_from_shortlist,free-ui/packaging-epr-us.json
eu packaging epr news,us,packaging epr,Ahrefs Free Keyword Generator,2026-10-02T13:35:40.828Z,Google,>100,N/A,,,,,news_or_political_head_term,excluded_from_shortlist,free-ui/packaging-epr-us.json
packaging epr,us,packaging epr,Ahrefs Free Keyword Generator,2026-10-02T13:35:40.828Z,Google,>100,Hard,,,,20 August,,candidate_not_qualified,free-ui/packaging-epr-us.json
california packaging epr news,us,packaging epr,Ahrefs Free Keyword Generator,2026-10-02T13:35:40.828Z,Google,>100,N/A,,,,,news_or_political_head_term,excluded_from_shortlist,free-ui/packaging-epr-us.json
packaging epr news today,us,packaging epr,Ahrefs Free Keyword Generator,2026-10-02T13:35:40.828Z,Google,>100,N/A,,,,,news_or_political_head_term,excluded_from_shortlist,free-ui/packaging-epr-us.json
eu packaging epr news today,us,packaging epr,Ahrefs Free Keyword Generator,2026-10-02T13:35:40.828Z,Google,<100,N/A,,,,,news_or_political_head_term,excluded_from_shortlist,free-ui/packaging-epr-us.json
uk packaging epr news today,us,packaging epr,Ahrefs Free Keyword Generator,2026-10-02T13:35:40.828Z,Google,<100,N/A,,,,,news_or_political_head_term,excluded_from_shortlist,free-ui/packaging-epr-us.json
packaging epr news today us,us,packaging epr,Ahrefs Free Keyword Generator,2026-10-02T13:35:40.828Z,Google,<100,N/A,,,,,news_or_political_head_term,excluded_from_shortlist,free-ui/packaging-epr-us.json
canada packaging epr news,us,packaging epr,Ahrefs Free Keyword Generator,2026-10-02T13:35:40.828Z,Google,<100,N/A,,,,,news_or_political_head_term,excluded_from_shortlist,free-ui/packaging-epr-us.json
packaging epr news october 2025,us,packaging epr,Ahrefs Free Keyword Generator,2026-10-02T13:35:40.828Z,Google,<100,Sign up,,,,,news_or_political_head_term,excluded_from_shortlist,free-ui/packaging-epr-us.json
california packaging epr news today,us,packaging epr,Ahrefs Free Keyword Generator,2026-10-02T13:35:40.828Z,Google,<100,,,,,,news_or_political_head_term,excluded_from_shortlist,free-ui/packaging-epr-us.json
sustainable packaging epr,us,packaging epr,Ahrefs Free Keyword Generator,2026-10-02T13:35:40.828Z,Google,<100,,,,,,,candidate_not_qualified,free-ui/packaging-epr-us.json
france packaging epr news,us,packaging epr,Ahrefs Free Keyword Generator,2026-10-02T13:35:40.828Z,Google,<100,,,,,,news_or_political_head_term,excluded_from_shortlist,free-ui/packaging-epr-us.json
packaging epr news europe,us,packaging epr,Ahrefs Free Keyword Generator,2026-10-02T13:35:40.828Z,Google,<100,,,,,,news_or_political_head_term,excluded_from_shortlist,free-ui/packaging-epr-us.json
reusable vs single use packaging epr,us,packaging epr,Ahrefs Free Keyword Generator,2026-10-02T13:35:40.828Z,Google,<100,,,,,,,candidate_not_qualified,free-ui/packaging-epr-us.json
reusable packaging epr compliance,us,packaging epr,Ahrefs Free Keyword Generator,2026-10-02T13:35:40.828Z,Google,<100,,,,,,,candidate_not_qualified,free-ui/packaging-epr-us.json
uk packaging epr news today 2025,us,packaging epr,Ahrefs Free Keyword Generator,2026-10-02T13:35:40.828Z,Google,<100,,,,,,news_or_political_head_term,excluded_from_shortlist,free-ui/packaging-epr-us.json
germany packaging epr news,us,packaging epr,Ahrefs Free Keyword Generator,2026-10-02T13:35:40.828Z,Google,<100,,,,,,news_or_political_head_term,excluded_from_shortlist,free-ui/packaging-epr-us.json
california packaging epr,us,packaging epr,Ahrefs Free Keyword Generator,2026-10-02T13:35:40.828Z,Google,<100,,,,,,,candidate_not_qualified,free-ui/packaging-epr-us.json
qualified overtime compensation,us,qualified overtime,Ahrefs Free Keyword Generator,2026-10-02T13:51:40.889Z,Google,>1000,Medium,,,,2 days,,candidate_not_qualified,free-ui/qualified-overtime-us.json
what is qualified overtime,us,qualified overtime,Ahrefs Free Keyword Generator,2026-10-02T13:51:40.889Z,Google,>1000,Easy,,,,3 days,,candidate_not_qualified,free-ui/qualified-overtime-us.json
qualified overtime deduction,us,qualified overtime,Ahrefs Free Keyword Generator,2026-10-02T13:51:40.889Z,Google,>1000,Medium,,,,16 September,,candidate_not_qualified,free-ui/qualified-overtime-us.json
flsa qualified overtime,us,qualified overtime,Ahrefs Free Keyword Generator,2026-10-02T13:51:40.889Z,Google,>1000,Easy,,,,4 days,,candidate_not_qualified,free-ui/qualified-overtime-us.json
qualified overtime,us,qualified overtime,Ahrefs Free Keyword Generator,2026-10-02T13:51:40.889Z,Google,>100,Easy,,,,5 days,,candidate_not_qualified,free-ui/qualified-overtime-us.json
how to calculate qualified overtime,us,qualified overtime,Ahrefs Free Keyword Generator,2026-10-02T13:51:40.889Z,Google,>100,Easy,,,,6 days,,candidate_not_qualified,free-ui/qualified-overtime-us.json
what is qualified overtime compensation,us,qualified overtime,Ahrefs Free Keyword Generator,2026-10-02T13:51:40.889Z,Google,>100,Easy,,,,5 days,,candidate_not_qualified,free-ui/qualified-overtime-us.json
qualified overtime tracking,us,qualified overtime,Ahrefs Free Keyword Generator,2026-10-02T13:51:40.889Z,Google,>100,N/A,,,,,,candidate_not_qualified,free-ui/qualified-overtime-us.json
qualified overtime premium,us,qualified overtime,Ahrefs Free Keyword Generator,2026-10-02T13:51:40.889Z,Google,>100,N/A,,,,,,candidate_not_qualified,free-ui/qualified-overtime-us.json
qualified overtime compensation deduction,us,qualified overtime,Ahrefs Free Keyword Generator,2026-10-02T13:51:40.889Z,Google,>100,N/A,,,,,,candidate_not_qualified,free-ui/qualified-overtime-us.json
what is qualified overtime tracking,us,qualified overtime,Ahrefs Free Keyword Generator,2026-10-02T13:51:40.889Z,Google,>100,Sign up,,,,,,candidate_not_qualified,free-ui/qualified-overtime-us.json
what is flsa qualified overtime,us,qualified overtime,Ahrefs Free Keyword Generator,2026-10-02T13:51:40.889Z,Google,>100,,,,,,,candidate_not_qualified,free-ui/qualified-overtime-us.json
qualified overtime tax deduction,us,qualified overtime,Ahrefs Free Keyword Generator,2026-10-02T13:51:40.889Z,Google,>100,,,,,,,candidate_not_qualified,free-ui/qualified-overtime-us.json
what is qualified overtime for no tax,us,qualified overtime,Ahrefs Free Keyword Generator,2026-10-02T13:51:40.889Z,Google,>100,,,,,,,candidate_not_qualified,free-ui/qualified-overtime-us.json
qualified overtime calculator,us,qualified overtime,Ahrefs Free Keyword Generator,2026-10-02T13:51:40.889Z,Google,>100,,,,,,,candidate_not_qualified,free-ui/qualified-overtime-us.json
what is considered qualified overtime,us,qualified overtime,Ahrefs Free Keyword Generator,2026-10-02T13:51:40.889Z,Google,>100,,,,,,,candidate_not_qualified,free-ui/qualified-overtime-us.json
quickbooks qualified overtime tracking,us,qualified overtime,Ahrefs Free Keyword Generator,2026-10-02T13:51:40.889Z,Google,>100,,,,,,vendor_brand_or_navigation,excluded_from_shortlist,free-ui/qualified-overtime-us.json
what does qualified overtime mean,us,qualified overtime,Ahrefs Free Keyword Generator,2026-10-02T13:51:40.889Z,Google,>100,,,,,,,candidate_not_qualified,free-ui/qualified-overtime-us.json
what is non qualified overtime,us,qualified overtime,Ahrefs Free Keyword Generator,2026-10-02T13:51:40.889Z,Google,>100,,,,,,,candidate_not_qualified,free-ui/qualified-overtime-us.json
non qualified overtime,us,qualified overtime,Ahrefs Free Keyword Generator,2026-10-02T13:51:40.889Z,Google,>100,,,,,,,candidate_not_qualified,free-ui/qualified-overtime-us.json
snow removal,us,snow removal,Ahrefs Free Keyword Generator,2026-10-02T13:41:39.404Z,Google,>1000,Easy,,,,about 17 hours,,candidate_not_qualified,free-ui/snow-removal-us.json
snow removal near me,us,snow removal,Ahrefs Free Keyword Generator,2026-10-02T13:41:39.404Z,Google,>1000,Easy,,,,8 days,local_service_or_local_vendor_intent,excluded_from_shortlist,free-ui/snow-removal-us.json
snow removal machine,us,snow removal,Ahrefs Free Keyword Generator,2026-10-02T13:41:39.404Z,Google,>1000,Easy,,,,3 days,consumer_service_or_equipment_head_term,excluded_from_shortlist,free-ui/snow-removal-us.json
commercial snow removal,us,snow removal,Ahrefs Free Keyword Generator,2026-10-02T13:41:39.404Z,Google,>1000,Easy,,,,about 11 hours,consumer_service_or_equipment_head_term,excluded_from_shortlist,free-ui/snow-removal-us.json
residential snow removal near me,us,snow removal,Ahrefs Free Keyword Generator,2026-10-02T13:41:39.404Z,Google,>1000,Easy,,,,15 September,local_service_or_local_vendor_intent,excluded_from_shortlist,free-ui/snow-removal-us.json
snow removal services near me,us,snow removal,Ahrefs Free Keyword Generator,2026-10-02T13:41:39.404Z,Google,>1000,Easy,,,,17 September,local_service_or_local_vendor_intent,excluded_from_shortlist,free-ui/snow-removal-us.json
"snow removal services february 27, 2026 michigan",us,snow removal,Ahrefs Free Keyword Generator,2026-10-02T13:41:39.404Z,Google,>1000,N/A,,,,,local_service_or_local_vendor_intent,excluded_from_shortlist,free-ui/snow-removal-us.json
snow removal in delano mn,us,snow removal,Ahrefs Free Keyword Generator,2026-10-02T13:41:39.404Z,Google,>1000,Easy,,,,14 September,local_service_or_local_vendor_intent,excluded_from_shortlist,free-ui/snow-removal-us.json
roof snow removal,us,snow removal,Ahrefs Free Keyword Generator,2026-10-02T13:41:39.404Z,Google,>1000,Easy,,,,20 September,consumer_service_or_equipment_head_term,excluded_from_shortlist,free-ui/snow-removal-us.json
snow removal services,us,snow removal,Ahrefs Free Keyword Generator,2026-10-02T13:41:39.404Z,Google,>1000,Easy,,,,18 September,consumer_service_or_equipment_head_term,excluded_from_shortlist,free-ui/snow-removal-us.json
mdot snow removal services procurement 2026-02-27,us,snow removal,Ahrefs Free Keyword Generator,2026-10-02T13:41:39.404Z,Google,>1000,Sign up,,,,,local_service_or_local_vendor_intent,excluded_from_shortlist,free-ui/snow-removal-us.json
snow removal tools,us,snow removal,Ahrefs Free Keyword Generator,2026-10-02T13:41:39.404Z,Google,>1000,,,,,6 days,consumer_service_or_equipment_head_term,excluded_from_shortlist,free-ui/snow-removal-us.json
snow removal equipment,us,snow removal,Ahrefs Free Keyword Generator,2026-10-02T13:41:39.404Z,Google,>1000,,,,,1 day,consumer_service_or_equipment_head_term,excluded_from_shortlist,free-ui/snow-removal-us.json
snow removal service near me,us,snow removal,Ahrefs Free Keyword Generator,2026-10-02T13:41:39.404Z,Google,>1000,,,,,7 September,local_service_or_local_vendor_intent,excluded_from_shortlist,free-ui/snow-removal-us.json
snow removal companies near me,us,snow removal,Ahrefs Free Keyword Generator,2026-10-02T13:41:39.404Z,Google,>1000,,,,,8 September,local_service_or_local_vendor_intent,excluded_from_shortlist,free-ui/snow-removal-us.json
driveway snow removal,us,snow removal,Ahrefs Free Keyword Generator,2026-10-02T13:41:39.404Z,Google,>1000,,,,,7 September,consumer_service_or_equipment_head_term,excluded_from_shortlist,free-ui/snow-removal-us.json
residential snow removal,us,snow removal,Ahrefs Free Keyword Generator,2026-10-02T13:41:39.404Z,Google,>1000,,,,,23 September,consumer_service_or_equipment_head_term,excluded_from_shortlist,free-ui/snow-removal-us.json
snow removal company,us,snow removal,Ahrefs Free Keyword Generator,2026-10-02T13:41:39.404Z,Google,>100,,,,,6 days,consumer_service_or_equipment_head_term,excluded_from_shortlist,free-ui/snow-removal-us.json
snow removal service,us,snow removal,Ahrefs Free Keyword Generator,2026-10-02T13:41:39.404Z,Google,>100,,,,,17 September,consumer_service_or_equipment_head_term,excluded_from_shortlist,free-ui/snow-removal-us.json
roof snow removal tool,us,snow removal,Ahrefs Free Keyword Generator,2026-10-02T13:41:39.404Z,Google,>100,,,,,13 September,consumer_service_or_equipment_head_term,excluded_from_shortlist,free-ui/snow-removal-us.json
australia credit card surcharge ban,au,surcharge ban,Ahrefs Free Keyword Generator,2026-10-02T13:37:48.976Z,Google,>100,Easy,,,,7 September,,candidate_not_qualified,free-ui/surcharge-ban-au.json
credit card surcharge ban,au,surcharge ban,Ahrefs Free Keyword Generator,2026-10-02T13:37:48.976Z,Google,>100,N/A,,,,,,candidate_not_qualified,free-ui/surcharge-ban-au.json
surcharge ban,au,surcharge ban,Ahrefs Free Keyword Generator,2026-10-02T13:37:48.976Z,Google,>100,Easy,,,,1 day,,candidate_not_qualified,free-ui/surcharge-ban-au.json
card surcharge ban,au,surcharge ban,Ahrefs Free Keyword Generator,2026-10-02T13:37:48.976Z,Google,>100,Easy,,,,9 August,,candidate_not_qualified,free-ui/surcharge-ban-au.json
surcharge ban australia,au,surcharge ban,Ahrefs Free Keyword Generator,2026-10-02T13:37:48.976Z,Google,>100,N/A,,,,,,candidate_not_qualified,free-ui/surcharge-ban-au.json
rba surcharge ban,au,surcharge ban,Ahrefs Free Keyword Generator,2026-10-02T13:37:48.976Z,Google,>100,Easy,,,,18 August,,candidate_not_qualified,free-ui/surcharge-ban-au.json
rba card surcharge ban,au,surcharge ban,Ahrefs Free Keyword Generator,2026-10-02T13:37:48.976Z,Google,>100,N/A,,,,,,candidate_not_qualified,free-ui/surcharge-ban-au.json
card surcharge ban australia,au,surcharge ban,Ahrefs Free Keyword Generator,2026-10-02T13:37:48.976Z,Google,>100,N/A,,,,,,candidate_not_qualified,free-ui/surcharge-ban-au.json
credit card surcharge ban australia,au,surcharge ban,Ahrefs Free Keyword Generator,2026-10-02T13:37:48.976Z,Google,>100,N/A,,,,,,candidate_not_qualified,free-ui/surcharge-ban-au.json
reserve bank card surcharge ban,au,surcharge ban,Ahrefs Free Keyword Generator,2026-10-02T13:37:48.976Z,Google,>100,N/A,,,,,,candidate_not_qualified,free-ui/surcharge-ban-au.json
eftpos surcharge ban,au,surcharge ban,Ahrefs Free Keyword Generator,2026-10-02T13:37:48.976Z,Google,>100,Sign up,,,,,,candidate_not_qualified,free-ui/surcharge-ban-au.json
when does the surcharge ban start,au,surcharge ban,Ahrefs Free Keyword Generator,2026-10-02T13:37:48.976Z,Google,<100,,,,,,,candidate_not_qualified,free-ui/surcharge-ban-au.json
australia surcharge ban,au,surcharge ban,Ahrefs Free Keyword Generator,2026-10-02T13:37:48.976Z,Google,<100,,,,,,,candidate_not_qualified,free-ui/surcharge-ban-au.json
reserve bank payment surcharge ban,au,surcharge ban,Ahrefs Free Keyword Generator,2026-10-02T13:37:48.976Z,Google,<100,,,,,,,candidate_not_qualified,free-ui/surcharge-ban-au.json
eftpos surcharge ban australia,au,surcharge ban,Ahrefs Free Keyword Generator,2026-10-02T13:37:48.976Z,Google,<100,,,,,,,candidate_not_qualified,free-ui/surcharge-ban-au.json
australia card surcharge ban,au,surcharge ban,Ahrefs Free Keyword Generator,2026-10-02T13:37:48.976Z,Google,<100,,,,,,,candidate_not_qualified,free-ui/surcharge-ban-au.json
when is the surcharge ban,au,surcharge ban,Ahrefs Free Keyword Generator,2026-10-02T13:37:48.976Z,Google,<100,,,,,,,candidate_not_qualified,free-ui/surcharge-ban-au.json
bank surcharge ban,au,surcharge ban,Ahrefs Free Keyword Generator,2026-10-02T13:37:48.976Z,Google,<100,,,,,,,candidate_not_qualified,free-ui/surcharge-ban-au.json
credit surcharge ban,au,surcharge ban,Ahrefs Free Keyword Generator,2026-10-02T13:37:48.976Z,Google,<100,,,,,,,candidate_not_qualified,free-ui/surcharge-ban-au.json
when is surcharge ban,au,surcharge ban,Ahrefs Free Keyword Generator,2026-10-02T13:37:48.976Z,Google,<100,,,,,,,candidate_not_qualified,free-ui/surcharge-ban-au.json
medicare levy surcharge calculator,au,surcharge calculator,Ahrefs Free Keyword Generator,2026-10-02T13:51:40.931Z,Google,>1000,Easy,,,,about 2 hours,different_surcharge_tax_or_fuel,excluded_from_shortlist,free-ui/surcharge-calculator-au.json
medicare levy surcharge calculator ato,au,surcharge calculator,Ahrefs Free Keyword Generator,2026-10-02T13:51:40.931Z,Google,>100,Medium,,,,19 September,different_surcharge_tax_or_fuel,excluded_from_shortlist,free-ui/surcharge-calculator-au.json
medicare surcharge calculator,au,surcharge calculator,Ahrefs Free Keyword Generator,2026-10-02T13:51:40.931Z,Google,>100,Easy,,,,7 days,different_surcharge_tax_or_fuel,excluded_from_shortlist,free-ui/surcharge-calculator-au.json
mls surcharge calculator,au,surcharge calculator,Ahrefs Free Keyword Generator,2026-10-02T13:51:40.931Z,Google,>100,Easy,,,,26 August,different_surcharge_tax_or_fuel,excluded_from_shortlist,free-ui/surcharge-calculator-au.json
surcharge calculator,au,surcharge calculator,Ahrefs Free Keyword Generator,2026-10-02T13:51:40.931Z,Google,>100,Easy,,,,18 August,,candidate_not_qualified,free-ui/surcharge-calculator-au.json
levy surcharge calculator,au,surcharge calculator,Ahrefs Free Keyword Generator,2026-10-02T13:51:40.931Z,Google,>100,N/A,,,,,different_surcharge_tax_or_fuel,excluded_from_shortlist,free-ui/surcharge-calculator-au.json
fuel surcharge calculator,au,surcharge calculator,Ahrefs Free Keyword Generator,2026-10-02T13:51:40.931Z,Google,<100,Easy,,,,7 days,different_surcharge_tax_or_fuel,excluded_from_shortlist,free-ui/surcharge-calculator-au.json
medicare levy surcharge calculator 2025,au,surcharge calculator,Ahrefs Free Keyword Generator,2026-10-02T13:51:40.931Z,Google,<100,N/A,,,,,different_surcharge_tax_or_fuel,excluded_from_shortlist,free-ui/surcharge-calculator-au.json
credit card surcharge calculator,au,surcharge calculator,Ahrefs Free Keyword Generator,2026-10-02T13:51:40.931Z,Google,<100,Easy,,,,22 August,,candidate_not_qualified,free-ui/surcharge-calculator-au.json
amex surcharge calculator,au,surcharge calculator,Ahrefs Free Keyword Generator,2026-10-02T13:51:40.931Z,Google,<100,Easy,,,,18 September,vendor_brand_or_navigation,excluded_from_shortlist,free-ui/surcharge-calculator-au.json
fuel surcharge calculator australia,au,surcharge calculator,Ahrefs Free Keyword Generator,2026-10-02T13:51:40.931Z,Google,<100,Sign up,,,,7 September,different_surcharge_tax_or_fuel,excluded_from_shortlist,free-ui/surcharge-calculator-au.json
medicare levy surcharge calculator 2026,au,surcharge calculator,Ahrefs Free Keyword Generator,2026-10-02T13:51:40.931Z,Google,<100,,,,,,different_surcharge_tax_or_fuel,excluded_from_shortlist,free-ui/surcharge-calculator-au.json
medical levy surcharge calculator,au,surcharge calculator,Ahrefs Free Keyword Generator,2026-10-02T13:51:40.931Z,Google,<100,,,,,17 September,different_surcharge_tax_or_fuel,excluded_from_shortlist,free-ui/surcharge-calculator-au.json
ato medicare levy surcharge calculator,au,surcharge calculator,Ahrefs Free Keyword Generator,2026-10-02T13:51:40.931Z,Google,<100,,,,,7 September,different_surcharge_tax_or_fuel,excluded_from_shortlist,free-ui/surcharge-calculator-au.json
fuel levy surcharge calculator,au,surcharge calculator,Ahrefs Free Keyword Generator,2026-10-02T13:51:40.931Z,Google,<100,,,,,,different_surcharge_tax_or_fuel,excluded_from_shortlist,free-ui/surcharge-calculator-au.json
medicare levy and surcharge calculator,au,surcharge calculator,Ahrefs Free Keyword Generator,2026-10-02T13:51:40.931Z,Google,<100,,,,,4 September,different_surcharge_tax_or_fuel,excluded_from_shortlist,free-ui/surcharge-calculator-au.json
surcharge calculator australia,au,surcharge calculator,Ahrefs Free Keyword Generator,2026-10-02T13:51:40.931Z,Google,<100,,,,,7 days,,candidate_not_qualified,free-ui/surcharge-calculator-au.json
credit card surcharge calculator australia,au,surcharge calculator,Ahrefs Free Keyword Generator,2026-10-02T13:51:40.931Z,Google,<100,,,,,23 August,,candidate_not_qualified,free-ui/surcharge-calculator-au.json
1.5 surcharge calculator,au,surcharge calculator,Ahrefs Free Keyword Generator,2026-10-02T13:51:40.931Z,Google,<100,,,,,,,candidate_not_qualified,free-ui/surcharge-calculator-au.json
card surcharge calculator,au,surcharge calculator,Ahrefs Free Keyword Generator,2026-10-02T13:51:40.931Z,Google,<100,,,,,,,candidate_not_qualified,free-ui/surcharge-calculator-au.json
tip tax deduction,us,tip tax deduction,Ahrefs Free Keyword Generator,2026-10-02T13:36:10.108Z,Google,>100,N/A,,,,,,candidate_not_qualified,free-ui/tip-tax-deduction-us.json
tip tax deduction 2025,us,tip tax deduction,Ahrefs Free Keyword Generator,2026-10-02T13:36:10.108Z,Google,<100,N/A,,,,,,candidate_not_qualified,free-ui/tip-tax-deduction-us.json
how does the tip tax deduction work,us,tip tax deduction,Ahrefs Free Keyword Generator,2026-10-02T13:36:10.108Z,Google,<100,N/A,,,,,,candidate_not_qualified,free-ui/tip-tax-deduction-us.json
trump tip tax deduction jobs,us,tip tax deduction,Ahrefs Free Keyword Generator,2026-10-02T13:36:10.108Z,Google,<100,N/A,,,,,different_task_or_job_search,excluded_from_shortlist,free-ui/tip-tax-deduction-us.json
how does tip tax deduction work,us,tip tax deduction,Ahrefs Free Keyword Generator,2026-10-02T13:36:10.108Z,Google,<100,N/A,,,,,,candidate_not_qualified,free-ui/tip-tax-deduction-us.json
tip tax deduction calculator,us,tip tax deduction,Ahrefs Free Keyword Generator,2026-10-02T13:36:10.108Z,Google,<100,N/A,,,,,,candidate_not_qualified,free-ui/tip-tax-deduction-us.json
one big beautiful bill tip tax deduction 2025,us,tip tax deduction,Ahrefs Free Keyword Generator,2026-10-02T13:36:10.108Z,Google,<100,N/A,,,,,,candidate_not_qualified,free-ui/tip-tax-deduction-us.json
2025 tip tax deduction,us,tip tax deduction,Ahrefs Free Keyword Generator,2026-10-02T13:36:10.108Z,Google,<100,N/A,,,,,,candidate_not_qualified,free-ui/tip-tax-deduction-us.json
how will the tip tax deduction work,us,tip tax deduction,Ahrefs Free Keyword Generator,2026-10-02T13:36:10.108Z,Google,<100,N/A,,,,,,candidate_not_qualified,free-ui/tip-tax-deduction-us.json
one big beautiful bill act tip tax deduction 2025,us,tip tax deduction,Ahrefs Free Keyword Generator,2026-10-02T13:36:10.108Z,Google,<100,N/A,,,,,,candidate_not_qualified,free-ui/tip-tax-deduction-us.json
tip tax deduction big beautiful bill,us,tip tax deduction,Ahrefs Free Keyword Generator,2026-10-02T13:36:10.108Z,Google,<100,Sign up,,,,,,candidate_not_qualified,free-ui/tip-tax-deduction-us.json
treasury tipped occupation code,us,treasury tipped occupation code,Ahrefs Free Keyword Generator,2026-10-02T13:42:32.032Z,Google,>100,N/A,,,,,,candidate_not_qualified,free-ui/treasury-tipped-occupation-code-us.json
treasury tipped occupation code (ttoc),us,treasury tipped occupation code,Ahrefs Free Keyword Generator,2026-10-02T13:42:32.032Z,Google,<100,N/A,,,,,,candidate_not_qualified,free-ui/treasury-tipped-occupation-code-us.json
what is treasury tipped occupation code,us,treasury tipped occupation code,Ahrefs Free Keyword Generator,2026-10-02T13:42:32.032Z,Google,<100,N/A,,,,,,candidate_not_qualified,free-ui/treasury-tipped-occupation-code-us.json
treasury tipped occupation code list,us,treasury tipped occupation code,Ahrefs Free Keyword Generator,2026-10-02T13:42:32.032Z,Google,<100,N/A,,,,,,candidate_not_qualified,free-ui/treasury-tipped-occupation-code-us.json
treasury tipped occupation code ttoc,us,treasury tipped occupation code,Ahrefs Free Keyword Generator,2026-10-02T13:42:32.032Z,Google,<100,N/A,,,,,,candidate_not_qualified,free-ui/treasury-tipped-occupation-code-us.json
what is a treasury tipped occupation code,us,treasury tipped occupation code,Ahrefs Free Keyword Generator,2026-10-02T13:42:32.032Z,Google,<100,N/A,,,,,,candidate_not_qualified,free-ui/treasury-tipped-occupation-code-us.json
what is treasury tipped occupation code (ttoc),us,treasury tipped occupation code,Ahrefs Free Keyword Generator,2026-10-02T13:42:32.032Z,Google,<100,N/A,,,,,,candidate_not_qualified,free-ui/treasury-tipped-occupation-code-us.json
what is the treasury tipped occupation code,us,treasury tipped occupation code,Ahrefs Free Keyword Generator,2026-10-02T13:42:32.032Z,Google,<100,N/A,,,,,,candidate_not_qualified,free-ui/treasury-tipped-occupation-code-us.json
w2 code tt,us,w2 code tt,Ahrefs Free Keyword Generator,2026-10-02T13:42:32.009Z,Google,<100,N/A,,,,,,candidate_not_qualified,free-ui/w2-code-tt-us.json
box 14 w2 code tt,us,w2 code tt,Ahrefs Free Keyword Generator,2026-10-02T13:42:32.009Z,Google,<100,N/A,,,,,,candidate_not_qualified,free-ui/w2-code-tt-us.json
box 12 w2 code tt,us,w2 code tt,Ahrefs Free Keyword Generator,2026-10-02T13:42:32.009Z,Google,<100,N/A,,,,,,candidate_not_qualified,free-ui/w2-code-tt-us.json
box 14 on w2 code tt,us,w2 code tt,Ahrefs Free Keyword Generator,2026-10-02T13:42:32.009Z,Google,<100,N/A,,,,,,candidate_not_qualified,free-ui/w2-code-tt-us.json
box 14 w2 code tt meaning,us,w2 code tt,Ahrefs Free Keyword Generator,2026-10-02T13:42:32.009Z,Google,<100,N/A,,,,,,candidate_not_qualified,free-ui/w2-code-tt-us.json
waste receipt,gb,waste receipt,Ahrefs Free Keyword Generator,2026-10-02T13:53:08.158Z,Google,<100,N/A,,,,,,candidate_not_qualified,free-ui/waste-receipt-gb.json
waste transfer note,gb,waste transfer note,Ahrefs Free Keyword Generator,2026-10-02T13:49:59.809Z,Google,>1000,Easy,,,,23 September,,candidate_not_qualified,free-ui/waste-transfer-note-gb.json
waste transfer note template,gb,waste transfer note,Ahrefs Free Keyword Generator,2026-10-02T13:49:59.809Z,Google,>100,Easy,,,,23 August,,candidate_not_qualified,free-ui/waste-transfer-note-gb.json
duty of care waste transfer note,gb,waste transfer note,Ahrefs Free Keyword Generator,2026-10-02T13:49:59.809Z,Google,>100,Easy,,,,5 days,,candidate_not_qualified,free-ui/waste-transfer-note-gb.json
annual waste transfer note,gb,waste transfer note,Ahrefs Free Keyword Generator,2026-10-02T13:49:59.809Z,Google,>100,Easy,,,,27 August,,candidate_not_qualified,free-ui/waste-transfer-note-gb.json
what is a waste transfer note,gb,waste transfer note,Ahrefs Free Keyword Generator,2026-10-02T13:49:59.809Z,Google,>100,Easy,,,,14 September,,candidate_not_qualified,free-ui/waste-transfer-note-gb.json
hazardous waste transfer note,gb,waste transfer note,Ahrefs Free Keyword Generator,2026-10-02T13:49:59.809Z,Google,>100,Easy,,,,11 September,,candidate_not_qualified,free-ui/waste-transfer-note-gb.json
waste transfer note requirements,gb,waste transfer note,Ahrefs Free Keyword Generator,2026-10-02T13:49:59.809Z,Google,>100,Easy,,,,17 August,,candidate_not_qualified,free-ui/waste-transfer-note-gb.json
waste transfer note example,gb,waste transfer note,Ahrefs Free Keyword Generator,2026-10-02T13:49:59.809Z,Google,>100,Easy,,,,about 19 hours,,candidate_not_qualified,free-ui/waste-transfer-note-gb.json
how to fill out a waste transfer note,gb,waste transfer note,Ahrefs Free Keyword Generator,2026-10-02T13:49:59.809Z,Google,<100,N/A,,,,,,candidate_not_qualified,free-ui/waste-transfer-note-gb.json
example of completed waste transfer note,gb,waste transfer note,Ahrefs Free Keyword Generator,2026-10-02T13:49:59.809Z,Google,<100,Easy,,,,22 August,,candidate_not_qualified,free-ui/waste-transfer-note-gb.json
waste transfer note books,gb,waste transfer note,Ahrefs Free Keyword Generator,2026-10-02T13:49:59.809Z,Google,<100,Sign up,,,,,,candidate_not_qualified,free-ui/waste-transfer-note-gb.json
waste transfer note book,gb,waste transfer note,Ahrefs Free Keyword Generator,2026-10-02T13:49:59.809Z,Google,<100,,,,,16 August,,candidate_not_qualified,free-ui/waste-transfer-note-gb.json
waste transfer note app,gb,waste transfer note,Ahrefs Free Keyword Generator,2026-10-02T13:49:59.809Z,Google,<100,,,,,,,candidate_not_qualified,free-ui/waste-transfer-note-gb.json
waste transfer note automation,gb,waste transfer note,Ahrefs Free Keyword Generator,2026-10-02T13:49:59.809Z,Google,<100,,,,,,,candidate_not_qualified,free-ui/waste-transfer-note-gb.json
fill in duty of care waste transfer note,gb,waste transfer note,Ahrefs Free Keyword Generator,2026-10-02T13:49:59.809Z,Google,<100,,,,,,,candidate_not_qualified,free-ui/waste-transfer-note-gb.json
controlled waste transfer note,gb,waste transfer note,Ahrefs Free Keyword Generator,2026-10-02T13:49:59.809Z,Google,<100,,,,,,,candidate_not_qualified,free-ui/waste-transfer-note-gb.json
waste transfer note pdf,gb,waste transfer note,Ahrefs Free Keyword Generator,2026-10-02T13:49:59.809Z,Google,<100,,,,,15 September,,candidate_not_qualified,free-ui/waste-transfer-note-gb.json
waste transfer note template uk,gb,waste transfer note,Ahrefs Free Keyword Generator,2026-10-02T13:49:59.809Z,Google,<100,,,,,,,candidate_not_qualified,free-ui/waste-transfer-note-gb.json
controlled waste transfer note books,gb,waste transfer note,Ahrefs Free Keyword Generator,2026-10-02T13:49:59.809Z,Google,<100,,,,,,,candidate_not_qualified,free-ui/waste-transfer-note-gb.json
simple waste transfer note,gb,waste transfer note,Ahrefs Free Keyword Generator,2026-10-02T13:49:59.809Z,Google,<100,,,,,,,candidate_not_qualified,free-ui/waste-transfer-note-gb.json
