query_evidence,observed_heading_order,title,observed_href,displayed_source,result_type,organic_rank,resolved_url,requested_country,location_caveat
booth-rent-vs-commission-calculator.txt,1,Booth Rent vs Commission Calculator,/goto?url=CAESaQHrOzAV_bePacG9OkqCRS0WdYuXlxZd0hmuPJVegUnbZOdspPg0qHfWexhw-JTJ5oqg_8HlNukweRGCiTI7ywaW1Vjz2K7cV_rzd2h10iajtkxNmziOb9khfjDJR8XLzTTLZ8_Mck4HcQ,Lutily / https://lutily.com › Tools,web_result_candidate,,,us,"Google redirected to google.com.hk; device location unknown; gl requested, local ranking not independently guaranteed"
booth-rent-vs-commission-calculator.txt,2,"Booth Rent vs Commission Calculator, Earnings Compare",/goto?url=CAESbAHrOzAVCpZX7doqyPHQhKpfbXHQVC0qkNe5mIkZN9yBfYXk9P6sn_NaDIL-J6uZoDjY8mVA4WZ339i0alKs6bN2SKM9xNjG6obyGHnElWxi7F_ckEPEIXSQ2PjALbspvi6jFitJNvjTGLCxLQ,Poli International / https://poliinternational.com › Tools,web_result_candidate,,,us,"Google redirected to google.com.hk; device location unknown; gl requested, local ranking not independently guaranteed"
booth-rent-vs-commission-calculator.txt,3,Booth Rent vs Commission Calculator,/goto?url=CAESagHrOzAVpZL7MONbgghsSfbhtFDds0nWYjC-ppDwf88wTc4OOUyfqRESUzJwgaDjZLlrR5ZpMRokeayFlKkuEr2InWavfjfHDX6Y99WA5N49cd1hnSVHptfxDc-hQz2YfSMGGweTCVxu8FU,Tilavon / https://tilavon.com › Tools,web_result_candidate,,,us,"Google redirected to google.com.hk; device location unknown; gl requested, local ranking not independently guaranteed"
booth-rent-vs-commission-calculator.txt,4,Booth Rent vs. Commission: Which Model Is Right,/goto?url=CAEScgHrOzAVovbbsJcrejPe3Us878uIeprJjo-lpjea5A-JPqtEAtpTbbbBD0q6E0V0v4ZNYWjOYKWKlCbD6OQzuQPePABre4wnHj56x6toD71V-mULQ46eXRXIFY3NRrT52276QC90yw6Hp3hBV77biAM3bw,Zenoti / https://www.zenoti.com › thecheckin › booth-rent-vs-c...,web_result_candidate,,,us,"Google redirected to google.com.hk; device location unknown; gl requested, local ranking not independently guaranteed"
booth-rent-vs-commission-calculator.txt,5,Booth Rent vs Commission Calculator (2026): Honest Math,/goto?url=CAESdQHrOzAVJf-9A8I6RBNqY77zPSEGwTUbrBAPFtgM_9INlM8zG7OvZajn9oF4rqcEfvmitsmgwR3Yqn2ZjqmwI03PF-WiwcJR4g5ITpVXW6aamGmn3FCjfdywMJzlRXJuB223_VNjccWL57WDhMsww5uTF1rNeQ,Hair Salon Pro / https://hairsalonpro.com › booth-rent-vs-commission-ca...,web_result_candidate,,,us,"Google redirected to google.com.hk; device location unknown; gl requested, local ranking not independently guaranteed"
booth-rent-vs-commission-calculator.txt,6,Booth Rent vs Commission Calculator | Free Tool by ...,/goto?url=CAESewHrOzAVs57jjvCvDw3ZjyCd-B5bJmVPatRq2zT_--COT0PzWwKits3UIFvdO1cK3qlITpucdGBFULaj56qEZRcBymTDkCAxBBg3pEspo6IPhIDZxVwbOX7uIEq7966rXMKmW03oN4j61cIDiRSnDckp5km1dcInJGmeMA,Tabby AI Bookkeeper / https://www.usetabby.com › tools › booth-rent-vs-com...,web_result_candidate,,,us,"Google redirected to google.com.hk; device location unknown; gl requested, local ranking not independently guaranteed"
booth-rent-vs-commission-calculator.txt,7,Booth rent vs commission calculator for salon owners - Nouz,/goto?url=CAEScQHrOzAVRstGkVFZhy_-bqFNBmTcHKoHGui8G9_g8BQXBcWatCxY0PByeycV24GttBrX25i1-Bde0QnCGukEeBQtk1WpWW40Zo37WCcjrmMmL_X3gFUEYamFEt4ZuhcqcKqcPcqNjYURT3EG9_t_8LQl,nouz.co / https://nouz.co › Tools,web_result_candidate,,,us,"Google redirected to google.com.hk; device location unknown; gl requested, local ranking not independently guaranteed"
booth-rent-vs-commission-calculator.txt,8,Booth Rent vs Commission: Which Pays You More?,/goto?url=CAESdwHrOzAVM-kz5OvqzIvcONVbAxBSB5QGIFpW_H8z36m3Bf4cb2zM0qKs8_Xc_VTw6-MfG2LGoscmVqjpmwxZVK1KA4s0kf11O24Xg1IIeUhgNqjDv_IXx4WNm0wvA_IO-PShfZoj7GJst3GACKK3aiggq4qVJyNL,Notomantra / https://www.notomantra.com › booth-rent-vs-commissi...,web_result_candidate,,,us,"Google redirected to google.com.hk; device location unknown; gl requested, local ranking not independently guaranteed"
booth-rent-vs-commission-calculator.txt,9,Booth Rent vs Commission Calculator - BarberFlow,/goto?url=CAEScwHrOzAVZvhZr0N0zvuuT_zpbFJi8cJ8fHMNtQeDEtBkvpUnVShKb3JdwbI2lS4XBTI2f873Tl94il8BezXX8bsbBIkdIp1n5C239jZkOQtZ6T3Hr0xDXFCPXmATlvuFPEkBGuHArxkBiJIwMlbRqSd2R6Y,barberflow.com / https://barberflow.com › Calculators,web_result_candidate,,,us,"Google redirected to google.com.hk; device location unknown; gl requested, local ranking not independently guaranteed"
booth-rent-vs-commission-calculator.txt,10,Booth Rent vs Commission: The Math That Decides What ...,/goto?url=CAEScAHrOzAVZuhvTqds5L846jM77eF214y2gASThP9IW6FffnaGB4Y4Bc-Du1ZM2xPRedYERVcnf-q6cRl2OtzuBBaCLLdxb7BGVXWv0207m8PNUvtAJRo1aP1DXskwGtTpBjrLjl2r5Fc88M4WgNXppy0,StyleSeat / https://www.styleseat.com › blog › booth-rent-vs-comm...,web_result_candidate,,,us,"Google redirected to google.com.hk; device location unknown; gl requested, local ranking not independently guaranteed"
digital-waste-tracking-spreadsheet-validator-gb.txt,1,Developing the digital waste tracking service,/goto?url=CAESowEB6zswFRuhBtCq26dYe1CqqlANRgtoRVv9HGi456kF5JN94UkRxM_De2Dwm3yCTC5y-motdDb9r3M-Q86Ho8EDIfedQSIjguoYEqCm4bkrwgvkbPwaoxCO7d_-BiVZ8DmwF3cPNLrxaOGr8QpHAxamWOha9IEBI3MU20wwAtY-2WE6Ax3INEnL7lZkR0PHMHP8zML7WXoAb5W6fYYuBZ9X_hgG,GOV.UK / https://www.gov.uk › government › publications › digit...,web_result_candidate,,,gb,"Google redirected to google.com.hk; device location unknown; gl requested, local ranking not independently guaranteed"
digital-waste-tracking-spreadsheet-validator-gb.txt,2,Digital Waste Tracking goes live: a major step forward in ...,/goto?url=CAESugEB6zswFV0-M9Clt_5z13Nf-Vabt8QgGvutopS2SuY6dh4QTM5jL2on4zJB2AUazac_AjlwBYdoaZXng0vsz0QfJqNPpkg3315a9qeqRfeKPEpZ0yw9T3Nbvil1jOoZ1eneYVLSmmn35LlUYP6QvHEb1vOMZgeltZWd1hX_IabqpenkdtKSN6CfQfOlW7tVEJwiVimpho3VOvYvtzk3eAcLuYt8upZHHLocnwg1RwN_OomSyM1BICb0w0U,GOV.UK blogs / https://environmentagency.blog.gov.uk › 2026/04/30,web_result_candidate,,,gb,"Google redirected to google.com.hk; device location unknown; gl requested, local ranking not independently guaranteed"
digital-waste-tracking-spreadsheet-validator-gb.txt,3,Manual Reporting Process Guide — UK Digital Waste Tracking,/goto?url=CAESaQHrOzAVwGGIKKu8ltYcJfjEuqizChng7nZHtRWmaMSvvtEJ-Z2XgsLrQ64jmPwL7pkUG3LjHDqfFo4SvnPjxBbsSvgalV8SW7fD5hpO4o-KJ2-aj40c38b_1Ar8PEfuHMwylfUUPGuabA,weavecomply.com / https://weavecomply.com › guide › manual-reporting,web_result_candidate,,,gb,"Google redirected to google.com.hk; device location unknown; gl requested, local ranking not independently guaranteed"
digital-waste-tracking-spreadsheet-validator-gb.txt,4,DEFRA Digital Waste Tracking Software,/goto?url=CAESegHrOzAVml9xJQWMu2oknKoXGuCQ3MpLa5V0uOYa4eHveP0VAsdEw0pP72wF7F-IfYmmVdL7B14IG300rL7hPQy0cgs6Cr4mV15OzUHtPGsNbvLvXzgZ3DjfdSYiY1Ei_drpgA4s4BWzWtxT4kveLFNg99uElYGYgMWS,Folderit / https://www.folderit.com › defra-digital-waste-tracking-...,web_result_candidate,,,gb,"Google redirected to google.com.hk; device location unknown; gl requested, local ranking not independently guaranteed"
digital-waste-tracking-spreadsheet-validator-gb.txt,5,The DEFRA Digital Waste Tracking Spreadsheet: How It Works,/goto?url=CAESdgHrOzAV7yGqg-d4770LCMKU13Ybj2rPICdJj6EAflnKzkdhFQHOdaM2r-XuDfQlXrM-B977ViFsaqC0qUH96FYszHCa_98-ym4CQytu3jUONYdaLvvpwpBNnqifvgvf9ERaXfwp7DUrMzjRmWcBwQTc8U46pUc,loadlog.co.uk / https://loadlog.co.uk › blog › defra-waste-tracking-spre...,web_result_candidate,,,gb,"Google redirected to google.com.hk; device location unknown; gl requested, local ranking not independently guaranteed"
digital-waste-tracking-spreadsheet-validator-gb.txt,6,Digital waste tracking in Scotland - SEPA,/goto?url=CAEScAHrOzAV9fVSw0gIyqxFspYLZ2mIc1rX_7-vUsX4ySdQUARk67OC9nuFbYczhbqA07A7n-ZFPAa9cphKAbayBr_oN1aT4hkwPlUjbb8TdFSVHbQ6b2KL4Dnusgm236AxUMZbz4BvCWNf_mrJpfXrd40,Beta | SEPA / https://beta.sepa.scot › topics › digital-waste-tracking,web_result_candidate,,,gb,"Google redirected to google.com.hk; device location unknown; gl requested, local ranking not independently guaranteed"
digital-waste-tracking-spreadsheet-validator-gb.txt,7,Digital Waste Tracking Software UK - PaperRoute,/goto?url=CAESbgHrOzAVOqnt148dM2sjdQ51W2N3JjqGVSXep1uovdUTkhKi-jpSz-9_hA1WkxJZK-q6v8ygwxhxTW05RtAKy6ZJace1K-3rgMRRcFrI9hrwLS8a_eJM0msR50bs1wo1NSe0gUqDoEjmosdBChsc,paperroute.co.uk / https://www.paperroute.co.uk › digital-waste-tracking,web_result_candidate,,,gb,"Google redirected to google.com.hk; device location unknown; gl requested, local ranking not independently guaranteed"
digital-waste-tracking-spreadsheet-validator-gb.txt,8,Digital Waste Tracking (DWT): reporting received waste to ...,/goto?url=CAESWwHrOzAV7d5RfHGz6ShbNzFDFh4ufS7fXe_FtjaDHhe9lnK51z8G9-xkObZcZEagTaRqtCAOtM8ZLYtEr9cm8pU3cxOxJdB_M4Vqa7Kw2pL6Tzmf6iI-M5AuOTM,IT Asset Disposition Software / https://recyc.ly › wiki › page,web_result_candidate,,,gb,"Google redirected to google.com.hk; device location unknown; gl requested, local ranking not independently guaranteed"
digital-waste-tracking-spreadsheet-validator-gb.txt,9,Digital waste tracking FREE,/goto?url=CAESZgHrOzAVrs7JTA5iBGwZ4OwZ8XgtZ0o8urh-FC0-Ey4Oyz-tshIAXoXXnyYgkfKr_um247_JWLwAxe4e8iLuefhtldaE_PLqR6WvGSWkpWlS2ESI7LKGVttGTXUIcwG0wFsZh2_FzQ,YouTube · Skip Worx everything waste / 1.9k+ views · 3 weeks ago,video_or_social_excluded,,,gb,"Google redirected to google.com.hk; device location unknown; gl requested, local ranking not independently guaranteed"
digital-waste-tracking-spreadsheet-validator-gb.txt,10,Digital Waste Tracking – what farmers need to know,/goto?url=CAEShwEB6zswFXpTFlmJv-CHE0d34rDGi7AD19n8iI9GapMH3yhZGB4sH0GzxJa_wWbnABec9h3KQXYzvHJyMpjsLbcCaXVEAA66Nc3PIq3Ckk_C7KkdQ_t7v2fJJ0xExI7xwQ0wWvoOTd08TKrwrqPl0wicJ55WHiU2Gv3GtRJr6KQDTj2tzEvqIns,NFUonline / https://www.nfuonline.com › news › digital-waste-track...,web_result_candidate,,,gb,"Google redirected to google.com.hk; device location unknown; gl requested, local ranking not independently guaranteed"
no-tax-on-tips-calculator.txt,1,No Tax on Tips Calculator (2025–2026) - National Tax Tools,/goto?url=CAESfgHrOzAVI3iYksp6V1iWiQMlIcVqSESf0nrSRKP6QJhoiUWdC7jjalaKXHUMPuJczPvGtxVxfbr8L-rxB9ZK6EvGV1KgrNFs0CXU8DGI9Z_ZBRNNhdDdIg1ztILkWEAHfWUdcbiX5YHRTwQ0bf8G-xOx_7bqmnJHHqT-Ug2slg,nationaltaxtools.com / https://nationaltaxtools.com › Calculators,web_result_candidate,,,us,"Google redirected to google.com.hk; device location unknown; gl requested, local ranking not independently guaranteed"
no-tax-on-tips-calculator.txt,2,Tip Tax Calculator & Withholding Rules (2026),/goto?url=CAESfQHrOzAVGX1sdnD5dv0kYfQHYWJINJ3i4EwFH-lFMZEzhXPAgg_faggfzusp-FUKNeGUA__-9iqNJ03cwccPSg3Ure11vJt9sLGPkeC7PD4v238aB7KikN5SqCsUbfnQP2PsrZFbQVP6IuuiKEff8X0wNnjyu4XEPM_ODrgf,OnPay / https://onpay.com › Payroll › Calculator Tax Rates,web_result_candidate,,,us,"Google redirected to google.com.hk; device location unknown; gl requested, local ranking not independently guaranteed"
no-tax-on-tips-calculator.txt,3,No Tax on Tips Calculator: Figure Your Exact Savings,/goto?url=CAESbAHrOzAVJvv1nmjtGAxjrez9aOZ7vMzOvfrejoemvULxO9ZtPAlNI1yUas8B-16iVhu-JMDlZxwqM3jpejlOF0HFyxz8EVFIWoecsAE0o1VcfTB5Sfu8Lz8aOKlx1oYBygU8Yt3RgfllBEqR2w,Plootus / https://www.plootus.com › Resource Hub,web_result_candidate,,,us,"Google redirected to google.com.hk; device location unknown; gl requested, local ranking not independently guaranteed"
no-tax-on-tips-calculator.txt,4,No Tax on Tips Calculator 2026 | OBBBA Tip Income Deduction,/goto?url=CAESeQHrOzAVOEfPdLHxsV3aoTb7_kbp4ze4q9xanB1MOeslo_QWWBBZLN4ScyddJuVmRRjecDhXzmcIfD5pmluPN3pwVTEi2xdMZR-e3_aOulYvE1r_GA3Apv7ANIfs3P9xvpo4jbCpWeWm5nRix3BfuoPYiG1H8FqyZ8s,yourincomecalculator.com / https://yourincomecalculator.com › Home › Calculators,web_result_candidate,,,us,"Google redirected to google.com.hk; device location unknown; gl requested, local ranking not independently guaranteed"
no-tax-on-tips-calculator.txt,5,No Tax on Tips Calculator 2026 | OBBBA Tip Deduction,/goto?url=CAESfAHrOzAV551Whawvh0yBOXujpxwu4Y_4svmhHUj4-zsAY9Da_KDw1MezVn13n6f6ld85LRG3b182fjs3fzpNsjaQot4_xaINP_eSAaEzzvcJG380WNVQpdZKOwPW68rtCNzc_MPz9ZNLwvo2tymQEAw2CXXBWZ2PiO6lo4s,countrytaxcalc.com / https://www.countrytaxcalc.com › Tax Calculators › USA,web_result_candidate,,,us,"Google redirected to google.com.hk; device location unknown; gl requested, local ranking not independently guaranteed"
no-tax-on-tips-calculator.txt,6,Tax Tip Calculator - Pay Calculator for Tipped Employees,/goto?url=CAESaQHrOzAVFTTDC43WUkf81cSxrBToQcORBNzZoNks7RgX9evewVqSTo6tPp9pncCOXEOwXzUTNQ-33F7EtYFGatol7cO0xP9t8K42qsJ4j_x7fQ_SVuGwVLVe8nCnDTPzUpEPyrFJi4Hvow,PaycheckCity / https://www.paycheckcity.com › calculator › taxtip,web_result_candidate,,,us,"Google redirected to google.com.hk; device location unknown; gl requested, local ranking not independently guaranteed"
no-tax-on-tips-calculator.txt,7,Tip Tax Calculator 2026 — No Tax on Tips Deduction,/goto?url=CAESXwHrOzAVje0e2lymBdp7ixvxg20_vD5iDcujBq6zelXvrTX-ftkV7Ls56cCrokZuTKLKGWJrnLQC0A1HqQSQzqoU8OUNiF4dCcL2YRaSb4tHTzBDh8pklyeTn2H-jFHU,Jupid / https://jupid.com › Tools,web_result_candidate,,,us,"Google redirected to google.com.hk; device location unknown; gl requested, local ranking not independently guaranteed"
no-tax-on-tips-calculator.txt,8,No Tax on Tips Savings Calculator,/goto?url=CAEScAHrOzAVRKMTQUHLtg8HLkbpvYOZJPCHfYKhDafQ4TVDvAHSvWJ28MhYyBwufZwlQtA4admUXQ6E1d4NyTOMsMQA4O3rKWLkc8YbFlzqCaHvfL7dkv60NMptNU5Rgvkr6o0STQ25mQ7uOvvljMLMKYQ,Server44 / https://server44.app › Tools,web_result_candidate,,,us,"Google redirected to google.com.hk; device location unknown; gl requested, local ranking not independently guaranteed"
no-tax-on-tips-calculator.txt,9,"No Tax on Tips Calculator | New 2025 Deduction Explained YouTube Forager Tax Aug 23, 2025",/goto?url=CAESZgHrOzAV50885BQfOYHWLDUSOW9Q_E7AbwD51YI6hzwVCSCjZkO06WuIWBTljvWCf82bcjNdjcXJ9qFxebomRXM541VIbwtskmCIe0VTkXdz5yjhvzh58fUR4qX22tb7MSykU80c1Q,"No Tax on Tips Calculator | New 2025 Deduction Explained / · Forager Tax / Aug 23, 2025",video_or_social_excluded,,,us,"Google redirected to google.com.hk; device location unknown; gl requested, local ranking not independently guaranteed"
no-tax-on-tips-calculator.txt,10,"How To Calculate No Tax On Tips | One Big Beautiful Bill Act YouTube Number Crunch Nerds Jul 6, 2025",/goto?url=CAESZgHrOzAV2A3U38wCh4MG61z7nd1C14UgqdQVytdb1ZN828H66_LvRVEcC--DqsvuOuYJ-1h8Ad7YrR04zo2GAVqPZqx5m9mTHBxsMHTRIbynXUGWz6XAL_xYMLazGaUiBB-MSu_KfA,"How To Calculate No Tax On Tips | One Big Beautiful Bill Act / · Number Crunch Nerds / Jul 6, 2025",video_or_social_excluded,,,us,"Google redirected to google.com.hk; device location unknown; gl requested, local ranking not independently guaranteed"
no-tax-on-tips-calculator.txt,11,"No Tax on Tips Explained: What Workers Need to Know (2025 ... YouTube ACap Advisors & Accountants Aug 20, 2025",/goto?url=CAESZgHrOzAVAQJ7RCnjzxlaLp357uDccCvlW8j-XvqzySSbWz-yP99niYYNI8GUP7yEh5ZgqpCujYQO67s4yPVtVTkM5PYKl75nS12g7Z7GRwy4jFXkvmeRMJf5WvjfGZdBi3yZu8oXpw,"No Tax on Tips Explained: What Workers Need to Know (2025 ... / · ACap Advisors & Accountants / Aug 20, 2025",video_or_social_excluded,,,us,"Google redirected to google.com.hk; device location unknown; gl requested, local ranking not independently guaranteed"
overtime-tax-deduction-calculator-2025.txt,1,How to Calculate Your Tips and Overtime Deductions for ...,/goto?url=CAESnQEB6zswFT2F3K1i0O2u3Lapzg3ssLSYaHAAqvQ8_zbymxS6FMFYBEbH6A0C5A1DDlmTXR9zbLL9tWtwyluD6-OfynODwovIraqg66reBfqsUk7SeCX7CAQzdjqYAMhRacFUsXPif04tcl3RIiPcl-pgy5v33bO78A2MWUW3ah74vxFjEaUXdLlMI551vGUdYHcNl72jvvDnxyzivYhn,Moore Colson / https://moorecolson.com › news-insights › how-to-calc...,web_result_candidate,,,us,"Google redirected to google.com.hk; device location unknown; gl requested, local ranking not independently guaranteed"
overtime-tax-deduction-calculator-2025.txt,2,No Tax on Overtime Calculator - The TurboTax Blog - Intuit,/goto?url=CAESngEB6zswFQR6CVEF3wbsRDjvRx6R9jqvemgFqqoHF_Yd5yV6HgPP59LyGrvI9BKp9avvQ_wz1Bwk9dgTVnr3Ckh_lZkPhhKoej9-yeFTFjfen1te67-U63axbAu-UVJn1ZwgnVavtcIsRNZhzgbHoUdMZEMcnliRtSV0v0sASq4N8SeIEaV6QaOLO-mgiDBg7piT0d5j03rphXaJZnSK4Q,Intuit TurboTax Blog / https://blog.turbotax.intuit.com › no-tax-on-overtime-cal...,web_result_candidate,,,us,"Google redirected to google.com.hk; device location unknown; gl requested, local ranking not independently guaranteed"
overtime-tax-deduction-calculator-2025.txt,3,Overtime Deduction - How to Calculate the Amount to Enter?,/goto?url=CAESsQEB6zswFV67vCjabSGy6rEZIfgAsjxxCIZz5hU22QZEkr61zkKFReqhdzBvsnbM_j6akYhWFNi_i_MkR7dDfU8oJh8xllPbCwl7w3yyQh-athTpLdupX3JdG8-TBpHZ6nPK814e30lIWjlMa1cDJiC0AW956RGTTl_MvUQejjLdi-bYdi9x2M4X9LeKVoUvd0TI2rHaCO_7AfyU3KEiWLPLPzwUMo0j0QuOBDkk0ILJ9VY,TaxSlayer / https://support.taxslayer.com › en-us › articles › 429747...,web_result_candidate,,,us,"Google redirected to google.com.hk; device location unknown; gl requested, local ranking not independently guaranteed"
overtime-tax-deduction-calculator-2025.txt,4,What to know about the No Tax on Overtime deduction,/goto?url=CAESiwEB6zswFaz7_vLTdoOBZ5gWAo9GAtZD6cQezucifED3sjO7Prulhji1mas2p-cOTm2TdfvY3oylHX1BUlC2yDynoDu-w2veN-McPcuAo3cNZSlrNju271v3tlJwDm-kIBLqc81XS1kou9kGjp_tNZdvdMUXcsi3E59VkRcvS5w1IZbL59U_shntGRSh,IRS (.gov) / https://www.irs.gov › newsroom › what-to-know-about-t...,web_result_candidate,,,us,"Google redirected to google.com.hk; device location unknown; gl requested, local ranking not independently guaranteed"
overtime-tax-deduction-calculator-2025.txt,5,Overtime Tax Calculator 2026,/goto?url=CAESZAHrOzAV4dCy6xuKOCY9XXh03DLruVUCAJhJ-87GBAgCRB8JeIoQsdNHxQJIU_51Vk9hev_1ldGtdWH5VJ34MQsFPA9rSCPUAJM3h4ScpOYoHyrWjxdFLRMXGZO7olIqpMUPtNI,Jupid / https://jupid.com › Tools,web_result_candidate,,,us,"Google redirected to google.com.hk; device location unknown; gl requested, local ranking not independently guaranteed"
overtime-tax-deduction-calculator-2025.txt,6,OB3 Overtime Tax Deduction Calculator,/goto?url=CAESdAHrOzAVB0NQJl-powqmcmmHcNVBReq9ums9zBGhKcCeNi3OlcG7AGmcfdQdCny1k43qyHUMcCyt3va9GMtyklhqfuJ8eNTq1pOyPt1Fn0KPCj3xfJ9MgSyUoJcf-S-yO8NHRjdZkzMJWp2p7W69cp5gwMkN,Timesheets.com / https://www.timesheets.com › no-tax-on-overtime-calcu...,web_result_candidate,,,us,"Google redirected to google.com.hk; device location unknown; gl requested, local ranking not independently guaranteed"
overtime-tax-deduction-calculator-2025.txt,7,No Tax on Overtime Calculator 2026 | Estimate Your Qualified ...,/goto?url=CAESXwHrOzAV9txVzQCwURKJFS50hh5E2RRlgz4J49q5OR98weE7Vl-Nzek0Af63AFr8aiBhjoKW9Qfxb0c11p6x5go4uhugcLK0GKqY1hZ4b-13i17bKnDUzdi3RucUY6ib,No Tax on Overtime Calculator 2026 / https://notaxovertimecalculator.com,web_result_candidate,,,us,"Google redirected to google.com.hk; device location unknown; gl requested, local ranking not independently guaranteed"
overtime-tax-deduction-calculator-2025.txt,8,http://notaxonovertimecalculator.com/,/goto?url=CAESYAHrOzAVFFQb19IwQDeLlEYnOahUgL3g9NLoofhcgVa1rRxLoWKFi_w5lRDMFp41E3ybQ1-gzOZmTr4V_s-AmD5qSBspO7zpk0gDwInJ_FUGkK2aAAmZ0tkmoXqMaGSlAA,notaxonovertimecalculator.com / http://notaxonovertimecalculator.com,web_result_candidate,,,us,"Google redirected to google.com.hk; device location unknown; gl requested, local ranking not independently guaranteed"
overtime-tax-deduction-calculator-2025.txt,9,"The Truth About 'No Tax On Overtime' (Calculate Your Refund) YouTube Toby Mathis Esq | Tax Planning & Asset Protection Jan 23, 2026",/goto?url=CAESZgHrOzAVAm30dxx8x1n7A-B6CqGk_NgxesSNPlOVukDnjYRkSzVT-Vjxq2femZ2YegNutbdR7kVMcFmnLJy_ickYZfdfLjYhjIsU1bB3Uch-gZP5vLb2GHv5d1cR-k_xj7tCOp21kg,"The Truth About 'No Tax On Overtime' (Calculate Your Refund) / · Toby Mathis Esq | Tax Planning & Asset Protection / Jan 23, 2026",video_or_social_excluded,,,us,"Google redirected to google.com.hk; device location unknown; gl requested, local ranking not independently guaranteed"
overtime-tax-deduction-calculator-2025.txt,10,"No Tax on Overtime (2026): How to Calculate the Deduction + ... YouTube Forager Tax Jan 3, 2026",/goto?url=CAESZgHrOzAVY3HW6FvkV-B5O41DA8iFeCEdoXOeODlZ81JoNlqrMI-ki7Iz-SXGV_PFWYiLGMrfwNv5pcdzQd2_4zzJlAZCYtgFhQzu_s2dy1I_SCoeQdxjpIpt48mbNEW4hR6bjofksg,"No Tax on Overtime (2026): How to Calculate the Deduction + ... / · Forager Tax / Jan 3, 2026",video_or_social_excluded,,,us,"Google redirected to google.com.hk; device location unknown; gl requested, local ranking not independently guaranteed"
overtime-tax-deduction-calculator-2025.txt,11,"Overtime Tax Deduction: What You Must Do to Claim It YouTube Wise Money Show Feb 5, 2026",/goto?url=CAESZgHrOzAVeluOsZUSJpVcYiR9LHfPBb3Hx7WVbxO0-0UTmhjfafmRveY4BHpA5eJNykrn32wZsNfM7XdCf51KCgt--Cr-2P_4bAV0CGInFUkZ97hO3lrOMZHU1ALFJ00k7mRAxZG10w,"Overtime Tax Deduction: What You Must Do to Claim It / · Wise Money Show / Feb 5, 2026",video_or_social_excluded,,,us,"Google redirected to google.com.hk; device location unknown; gl requested, local ranking not independently guaranteed"
qualified-overtime-tracking-spreadsheet.txt,1,"Overtime Tracker in Excel YouTube Excel Campus - Jon Nov 19, 2024",/goto?url=CAESZQHrOzAV957yvDm-wj7dUz6T1bjff1LpJPTlLTsRXQAZ3Oxt693i_SI42HzfKchdiMklwR0Fzidrc01ICF-BHNN1mMOPPwK-6kObjFTQRY8o1dtmbq5kTaNERevuipVqoZfzpbnE,"Overtime Tracker in Excel / · Excel Campus - Jon / Nov 19, 2024",video_or_social_excluded,,,us,"Google redirected to google.com.hk; device location unknown; gl requested, local ranking not independently guaranteed"
qualified-overtime-tracking-spreadsheet.txt,2,"Overtime Tracker Excel Template for HR Analytics YouTube Erin at Time Saving Templates Aug 29, 2023",/goto?url=CAESZgHrOzAVOC1QG9WwPpu3Aw2DqSDcMmxMiE3eVdfcPTf22-n-q5PqFuivqyM-EKAj2Y6sy372z7MtQgdPBWGhlf1PqsLpIpe9RfFl_q7yhHBy6ZGzYPzpEybk7QubeqMRUkOXQMfyjw,"Overtime Tracker Excel Template for HR Analytics / · Erin at Time Saving Templates / Aug 29, 2023",video_or_social_excluded,,,us,"Google redirected to google.com.hk; device location unknown; gl requested, local ranking not independently guaranteed"
qualified-overtime-tracking-spreadsheet.txt,3,"Create a sheet to record overtime from your schedule in Excel YouTube Barb Henderson Sep 11, 2022",/goto?url=CAESZgHrOzAVpBYjr-lYCkge3wcfY0aoSUw3Qj6PY_HPjK8_FLMfEOxp3BuXRAueL4WP39L9D-UzT8QSp_LOtnv0ymJmjlDNt8PU1zRsXgvYvXj9f1bEPqTDxBWF5KJVCroJ-YnkUJR8ZA,"Create a sheet to record overtime from your schedule in Excel / · Barb Henderson / Sep 11, 2022",video_or_social_excluded,,,us,"Google redirected to google.com.hk; device location unknown; gl requested, local ranking not independently guaranteed"
qualified-overtime-tracking-spreadsheet.txt,4,Free Employee Time Tracking Spreadsheets in Excel,/goto?url=CAESjgEB6zswFdAXtVwQEt_8TAhUHLPb_F9KUeGRXQ4r5e7D3fVR-GeBnZpLA4FW67aM0di-ZiR34Jj5oIykAxyYASnmbNWBl7iy2GCRKGAAzEl3zQ0Chsc5By5iDzVEhF20hFF011ct9NLTwh3wOfHkI0wPSQ7DfionTksg6PojpRr6Q-dZZhrODK30w1HBBm-z,QuickBooks / https://quickbooks.intuit.com › time-tracking › resources,web_result_candidate,,,us,"Google redirected to google.com.hk; device location unknown; gl requested, local ranking not independently guaranteed"
qualified-overtime-tracking-spreadsheet.txt,5,Overtime tracker Excel template (free download),/goto?url=CAESjgEB6zswFa7l60rP4pOOcgQL3D_H6KT9leHyuSVAMMMHQO6qUAfKSdr6g-bXT3ZRR_daBntOESFq-wV6B0dFv2Ng2lOC8BVmJGW53zDpS9gcOAyq5INIMkz3QlFHqwUwMv_W_j2VBmCpespua8-0bkBO83vqchNcvV1e74jmcZ8qEnb32OOfi1I1pe2CW7gX,RosterElf / https://www.rosterelf.com › overtime-tracker-excel,web_result_candidate,,,us,"Google redirected to google.com.hk; device location unknown; gl requested, local ranking not independently guaranteed"
qualified-overtime-tracking-spreadsheet.txt,6,Qualified Overtime Tracking Templates,/goto?url=CAESYwHrOzAVvNZEZQpkGy0te_XzUrhOConUrzS7G1sRMxrh2Zv1RYDQ_PuVuk1dro18Ujho6YIc9h8ymUPi6QMm43exMS0zmkpTQtzevSWX5CfcAPwDBl0PufpcKR3ctl9hUAv3Hw,qualifiedovertime.com / https://qualifiedovertime.com › templates,web_result_candidate,,,us,"Google redirected to google.com.hk; device location unknown; gl requested, local ranking not independently guaranteed"
qualified-overtime-tracking-spreadsheet.txt,7,Overtime Calculation Spreadsheet - Try Free,/goto?url=CAESggEB6zswFS7VupFCcp-jz-gc4TWoTVl1AEPUZBXDnSVsvlyqnMmLfvgT5mNYCrZMSBgy24tpXKumdmFzDs97fHDEyvYxORdkDMD1VUxv9GSF_K688cSJxED6d-h7jSB6tZ_J0XrT4ctL_XV1SttfwyCUFrX-XNS4yp1IyeqoFwh2G2ca,Harvest / https://www.getharvest.com › Time Tracking,web_result_candidate,,,us,"Google redirected to google.com.hk; device location unknown; gl requested, local ranking not independently guaranteed"
qualified-overtime-tracking-spreadsheet.txt,8,Determine next-in line for overtime in Excel,/goto?url=CAESZgHrOzAVKO3hjjkc2_zkNMFKU5Y8UZBjf-0YPpUnBvBt7A5IZP9b8Q7sXg9-x607iqnDGasliPPfxrOzI39B2N_zKrLVEJNsvO93BPti0_kPDmsctjHzbJ-rqVoOnh_AWP0KnLAMAg,YouTube · Barb Henderson / 1.8K+ views · 5 years ago,video_or_social_excluded,,,us,"Google redirected to google.com.hk; device location unknown; gl requested, local ranking not independently guaranteed"
qualified-overtime-tracking-spreadsheet.txt,9,Overtime Tracker in Excel Spreadsheet | by Rihot Gusron,/goto?url=CAESjgEB6zswFaN_N2C0rih3rBM2rcrPq4DzuCFq1hN4tAJd_xZlDT_5sjwOWfQzKHEjzF_uRZtKzP8Mrckuwznp1tgtwHTxQLWTp8dPk4jQXOJyM-C7UIRQcTK3FNCEJkszv9UqL6TumK__8n1JQZeCZReddq-BvHzypUbrtVFFjG-qG3dB3_nsu8Un8b_iyXNc,Medium · Rihot Gusron / 2 years ago,web_result_candidate,,,us,"Google redirected to google.com.hk; device location unknown; gl requested, local ranking not independently guaranteed"
qualified-overtime-tracking-spreadsheet.txt,10,Free Overtime Tracker Excel Template (2026),/goto?url=CAESdQHrOzAVf9vEiPoiZgZXQz3ei1MTyfLu-DDistZbxwvu7zErr_kKVFBw4PU8Z3Kg8L6pj17p8eNFGZZJF2CWbRZzhwfoZSBI9itoCnuEADg2nCoTrXp5nxxfRTdvJXqgaemFHIz4vMa-Hc2P2o1NoEffTZDOlA,User Solutions / https://usersolutions.com › Excel Templates,web_result_candidate,,,us,"Google redirected to google.com.hk; device location unknown; gl requested, local ranking not independently guaranteed"
qualified-overtime-tracking-spreadsheet.txt,11,Excel Template for Qualified Overtime,/goto?url=CAESfAHrOzAVAqwC3dhj79ErIo5vuD-ZHGbDsTYYafUHowRQttfZ9BXl-s_ceRAZMo66uWsKKnHqEQ6STx5Zfwfi0qXW_n4baJz8mM9vkxYj-3w1cUSR7hNFjMg7TV79ry86r5jhf5aEGLvc9EfrIdM8nnx6csZF_w1bDoT7L_I,Etsy / https://www.etsy.com › market › excel_template_for_q...,web_result_candidate,,,us,"Google redirected to google.com.hk; device location unknown; gl requested, local ranking not independently guaranteed"
qualified-overtime-tracking-spreadsheet.txt,12,How to Automate Weekly Timesheet Template in Excel for Payroll,/goto?url=CAESbAHrOzAVA9e8qB-EUgM6yKIcDit9wPTTfO-Z-v8sbZjvV7euuF8ZaU9ScA1_fs_Sajf2PTfmnyI2YOMFG9vg2Qcpjy-mlJVIpNTEmoFhtySEFGyS5V6ZDDbGVEj33Po0DrdLGZAIPAI6LgD_Dg,YouTube · Sharon Smith / 53.4K+ views · 2 years ago,video_or_social_excluded,,,us,"Google redirected to google.com.hk; device location unknown; gl requested, local ranking not independently guaranteed"
qualified-overtime-tracking.txt,1,Impact of the No Tax on Overtime provision to QuickBooks ...,/goto?url=CAES1AEB6zswFRS57F_frZhWiUJe15EVHD6_wmsbEQ6GUoO6AjpBQ01LWaslWf9zam2xbAUJPJT0cv4Ob-MeHcQs022BvSHxtLPpcu5lhl0BJ04_UHf4ITi0u-CKKLMu42CG4WXGu0pTg_2Ss8vbsf63r3yzfBkVXbCnWFyTuKQLKeGrmc_Xmr-gSS5_eyT6kAVr78Edvu0WDJUUmdPIbucZ48Set465hzhZD5WLC_KH8GNy3eB3PocBzEMxmf0yc1tsl357uywYqDKKPcWm5ZR4Zf4VuZtCQQ,QuickBooks / https://quickbooks.intuit.com › track-worker-overtime,web_result_candidate,,,us,"Google redirected to google.com.hk; device location unknown; gl requested, local ranking not independently guaranteed"
qualified-overtime-tracking.txt,2,New Overtime Deduction Rules (Includes QuickBooks ...,/goto?url=CAESjAEB6zswFa5Z2pheSu6m7fjghdDBXAdBwj-39fKEey330DDvNhDlMZ2kxqeCtSWUA4sz8mhmYczIN0mB1VJAFgSsV6tsjK2oV_q3z-YDyqXteZC20CICRZNlW4iX5V_yN-FrSJQscD-WQTtwUxP2o7GST6c4lDUiY_14wN9Kz1Jit366ZnyTb2yKJvvfRg,Vrakas CPAs + Advisors / https://vrakascpas.com › Blog,web_result_candidate,,,us,"Google redirected to google.com.hk; device location unknown; gl requested, local ranking not independently guaranteed"
qualified-overtime-tracking.txt,3,How is everyone handling Qualified Overtime tracking right ...,/goto?url=CAESnAEB6zswFRswUNEW10chkcAGR_TXcSFI0EMbS-4SyCOQoRxhqnq9MpYNmPfxtLlCEOwkpFn0Vk1K4vN-2ImugdYWY3bKJcXjZq9QzbFlZF1ZJWk1hMNcHR8zmXWIFCrz6MLq2hqHryliTzxuCHo4Zr5GpQBpq9y4ThaH8ogWBOOZ9WKlK17tBTjkTt-WAu2h8s03Xhlb0eT0nCIEmzs,Reddit · r/QuickBooks / 4 comments · 7 months ago,web_result_candidate,,,us,"Google redirected to google.com.hk; device location unknown; gl requested, local ranking not independently guaranteed"
qualified-overtime-tracking.txt,4,What Does Qualified OT Tracking Mean on a Pay Stub?,/goto?url=CAESdwHrOzAV92NIorkzj8C3aN0cuxBOAN18cYkQcPmX0t9b3Daz55Wvdt4gObFbx-J7-6JSAEJuSxMjW9qU8SuxEmraPoKjOVdqaGnbL5jrDt7yTOMcRoM6_H9zZzWpUyC9UaOXe3BsvfZExuu4_PJNqgj-o6JH2uge,qualifiedovertime.com / https://qualifiedovertime.com › what-is-qualified-ot-trac...,web_result_candidate,,,us,"Google redirected to google.com.hk; device location unknown; gl requested, local ranking not independently guaranteed"
qualified-overtime-tracking.txt,5,Calculating Qualified Overtime With isolved,/goto?url=CAESlwEB6zswFdruOUx6mbGTWq6y7XoTybNpi4l7QvA2gXLLHlGwvnJ-v3x9UmO44M14VLhsArg69Qrvl_wkTcItn7puLHuaiWmnbmtwQ0OYbVH9kUEZG3k7GGVFZK1kLUn-PLTVs5_ou9dDUdicSb_aTrPtnA4bvk_9_Yu6RTBd7MRBQuxPyME45fJQFC1FceNThkvjnUehQ5Fc,Payday HCM / https://www.paydayhcm.com › blog › overtime-tax-dedu...,web_result_candidate,,,us,"Google redirected to google.com.hk; device location unknown; gl requested, local ranking not independently guaranteed"
qualified-overtime-tracking.txt,6,"New Overtime Pay Rules Made Simple – QuickBooks Desktop YouTube Candus Kampfer Jan 28, 2026",/goto?url=CAESZgHrOzAVQlv3xXoLrFajMgffn0R_0-kLJXBWrI7sV2Ur9ezzZqiC-nauiK6Cx9EfHqaBzMM7tIBx3N1Ctln4-QynhKkfwDHOU9ufDEgI0zN7ZU1rQLMMJkTrx21CEC8U2WdU1sqfRw,"New Overtime Pay Rules Made Simple – QuickBooks Desktop / · Candus Kampfer / Jan 28, 2026",video_or_social_excluded,,,us,"Google redirected to google.com.hk; device location unknown; gl requested, local ranking not independently guaranteed"
qualified-overtime-tracking.txt,7,"Qualified Overtime Tracking Explained: Mandatory QuickBooks ... YouTube Payroll Restoration Dec 29, 2025",/goto?url=CAESZgHrOzAVQaw1u-4ity7uf3Hrj4ahtF8DxcrdmSowH5e-hbMsk1Ae93nHWaCJseyEZlI-902oy2X4mBXdgA21dAsjSBlnlW_2HNmKc04DBXl9slXFaQnbIvMZcqdZvSJrsVC-ciRJgA,"Qualified Overtime Tracking Explained: Mandatory QuickBooks ... / · Payroll Restoration / Dec 29, 2025",video_or_social_excluded,,,us,"Google redirected to google.com.hk; device location unknown; gl requested, local ranking not independently guaranteed"
qualified-overtime-tracking.txt,8,"New Overtime Pay Rules Made Simple – QuickBooks Online YouTube Candus Kampfer Jan 28, 2026",/goto?url=CAESZgHrOzAVzDt4xnrDGEptVB9mKXQW8cypnSsriWd19BrB2s8UCY2hwBgMxrm99T3btsDPQhXYZBkTW59EY6iyA7IyOs4rSSNXDp0L7dJqxwax41tSPkZZ_8NbHYMspv_-Xn36S7isqA,"New Overtime Pay Rules Made Simple – QuickBooks Online / · Candus Kampfer / Jan 28, 2026",video_or_social_excluded,,,us,"Google redirected to google.com.hk; device location unknown; gl requested, local ranking not independently guaranteed"
qualified-overtime-tracking.txt,9,"Qualified Overtime Tracking in QuickBooks Desktop Payroll YouTube James M Jan 3, 2026",/goto?url=CAESZgHrOzAVeC350dD8YTHxc1AvxbPct_ylbprZIk-iUQo-VcaBqoL8i80u1RkeAConsVFlJHJXrntttfQkDy85eQPuIqVbcf2-93aCV_Z8OcTovpDFJSMxh_6nO2kZ_16SYroDlbJ7hg,"Qualified Overtime Tracking in QuickBooks Desktop Payroll / · James M / Jan 3, 2026",video_or_social_excluded,,,us,"Google redirected to google.com.hk; device location unknown; gl requested, local ranking not independently guaranteed"
qualified-overtime-tracking.txt,10,Qualified Overtime Compensation: OBBBA Regulations ...,/goto?url=CAESnAEB6zswFZewUYtX5HhZGt_J6gE_TslwzaroJ-Xa5IQMuEVJ9ac9wsG6bccc9kP9jPGBjE0bd1vrQrOwwZP-fn1nXf0SfGzqEuP1XF2rlSBGpvCdx5UU6FE26rfShoc-xxwoyIKpEldxRIvSdHKcGkT2nvUSfPh3d9HFF4-GRe47KOYBCOAuAM0Y8-rj8icbIt_0jD9vC6LgwRv5Y94,CBIZ / https://www.cbiz.com › insights › article › qualified-ov...,web_result_candidate,,,us,"Google redirected to google.com.hk; device location unknown; gl requested, local ranking not independently guaranteed"
qualified-overtime-tracking.txt,11,Qualified Overtime Tracking | QuickBooks Community - Intuit,/goto?url=CAESmwEB6zswFcUgomqtCUUDT7YpKwB14hYdqg5GNx_Yf5_01csvVd3PrNKqI6cEtXxp2bMYmFRBZG8jIapyOJ0L4MMmlFURt-JHe0Clujt9VcNJ1t-LlpW0ta9KiJCRiHl6Qv1tfgQqZjmHFzosQxVAliLdT-gnfrxLTmYvr7MlLvciiTNLtdLgnSAEmTh234n9johx_oAEKTCBDFnH9g,QuickBooks / https://quickbooks.intuit.com › employees-and-payroll-2,web_result_candidate,,,us,"Google redirected to google.com.hk; device location unknown; gl requested, local ranking not independently guaranteed"
qualified-overtime-tracking.txt,12,New Overtime Pay Rules Made Simple - Online Users,/goto?url=CAESfAHrOzAVLnyVzd-rtaPEtjXvyG5CKOkpjKJUf-rMxnl3k_L-IQW7Yb-qUz6oSzZOE49CdJAryGFVq0AvtOMeeraavuM0VZFJn4wC8Kx9DYoNKkWQSv2obk3YNXTlZulNIYYYIM16uh1pLFx2SBFFx__4QjgBPjqawKqOyTs,Candus Kampfer / https://canduskampfer.com › new-overtime-pay-rules-...,web_result_candidate,,,us,"Google redirected to google.com.hk; device location unknown; gl requested, local ranking not independently guaranteed"
surcharge-ban-calculator-au.txt,1,Credit Card Surcharge Ban Calculator (Australia 2026),/goto?url=CAESggEB6zswFZwGjv6A_gdcCS_JaJoEpTaxDCJgMWz8Mm88Rna0wXFbtmUTRCuLUNes8gQbYSCtiJnDWo50lpj08Pm0hygU1uGlJQJlCx-GaNbNmLRP5H0-YScpwKoPI8Q4MnRiL_KarovU_yIA0Id36-ZQ1yLJ3sJOnFuF_PqFW3jRuo7Z,merchantcompare.com.au / https://merchantcompare.com.au › compare › credit-car...,web_result_candidate,,,au,"Google redirected to google.com.hk; device location unknown; gl requested, local ranking not independently guaranteed"
surcharge-ban-calculator-au.txt,2,Card surcharges,/goto?url=CAESdAHrOzAVkjDQsjWjEld4lS0yH6Y2_Jf_2zo4F8YquTqZdXc0H6V7GAq1uNl0tjKlh-WlBQDyKnKoDP-xzyOLmPX1_cy8rshOZrZmwm_YNPe_nX41Dh-bM0OMgL1k0UXZJikUOkW6HMoKjtcmXyk9Mu2eoxsm,ACCC / https://www.accc.gov.au › consumers › pricing › card-su...,web_result_candidate,,,au,"Google redirected to google.com.hk; device location unknown; gl requested, local ranking not independently guaranteed"
surcharge-ban-calculator-au.txt,3,Card surcharge ban: what Australian small businesses ...,/goto?url=CAESlAEB6zswFRD59sS5Pg72iY9qVudlI5Zd-LnlxpbxAep1wdg91mVHSVI-1Uvh4xhZYHRvs503-RFEKDBo_-IpbmoPApyvrJhn7v4uLrFGQPHP6b0A1bFmHRMb0iyufaCDXdJ5Y8v37E5P-Nxn3e1VbiFQQXAMw1im6EAgNC63Q3XyMgPidL1q7ITcpwqpqm1QOdA0LMbM,ANZ / https://www.anz.com.au › running-business › run › RB...,web_result_candidate,,,au,"Google redirected to google.com.hk; device location unknown; gl requested, local ranking not independently guaranteed"
surcharge-ban-calculator-au.txt,4,Card surcharge ban kicks in as experts warn it could cost ... Facebook 7NEWS Melbourne 1 day ago,/goto?url=CAESxQEB6zswFcokM8yPkrlDAakdkfsH90enaJJs1zy3fx8sTIiv4EuVjkPTd6hOdyHa9PQFGujryfGPtzgAkWLfz5ak1Hie63sa7heRUphdaYElIQ5heJwBscM88ZF4EjQNtp70p0uF4WJPtNrOr0f35u1Z19i58fOMyA9zAaJgeZpdned13KY6Ssv2prLC3Ng6WfWBcJkRvccEM-im5w5HPU04YYpvKSGYJSPjfDETiBAOyGm760gSJI-UqiNlR2vhysu1dTTdhg,Card surcharge ban kicks in as experts warn it could cost ... / · 7NEWS Melbourne / 1 day ago,video_or_social_excluded,,,au,"Google redirected to google.com.hk; device location unknown; gl requested, local ranking not independently guaranteed"
surcharge-ban-calculator-au.txt,5,RBA estimates the card surcharge ban will save consumers ... Facebook 7NEWS Australia 1 day ago,/goto?url=CAESwAEB6zswFfWtZPisDS90NtSM54MG8sNa2eqme0CjxjG0NWxx9r2FuTgGd8YoJrPBsI7t_M2-6CC7A-4tmwh2Q3oFdfAu-zsnprWNk-KmYXInTw9IP7aZ0pc5LO-mOWO6WRICwoe0BsfdG-ZP7IqXAGWQNZ7Josg9g009cNgsYGU_8bqTPnX0CSy3pV0B4TqeI2J9a9YY4tg5TczSfIiS3mjIFiewvEWVUTIfwXCmHH3ru1ZWuZyZjtg4xMy0TS21go0,RBA estimates the card surcharge ban will save consumers ... / · 7NEWS Australia / 1 day ago,video_or_social_excluded,,,au,"Google redirected to google.com.hk; device location unknown; gl requested, local ranking not independently guaranteed"
surcharge-ban-calculator-au.txt,6,Card Surcharges Explained,/goto?url=CAESZQHrOzAVPXtmSkagmde7rvIKBV_1h7eSj8Cfzt85dFtBkWKRUZ3ckHj9tb4xHHtVOrbNmAMdRaRxuMnJYF5Wg-6ryIsWDgKNyzq126U_hRC6vKtZpjDoK6oQEMZV7XeloWYXUTKV,Australian Banking Association / https://www.ausbanking.org.au › surcharging,web_result_candidate,,,au,"Google redirected to google.com.hk; device location unknown; gl requested, local ranking not independently guaranteed"
surcharge-ban-calculator-au.txt,7,Free Surcharge Calculator Australia | EFTPOS Charges ...,/goto?url=CAESbgHrOzAVroTKa-kY0rpv2FMF8RcEX-AXOPpKCUtXLqZzqQtqKNj7eD_JaW6pd5W-G8WhUiDnVtGwoXpuXHU2QF8zHlnl1AzlqmpJ4Yy1HBRIaqRqPPvsFc3hGZqd9l7gnc82MlBM_D-_o1oxBymr,comparepayments.com.au / https://comparepayments.com.au › surcharge-calculator,web_result_candidate,,,au,"Google redirected to google.com.hk; device location unknown; gl requested, local ranking not independently guaranteed"
surcharge-ban-calculator-au.txt,8,Credit Card Surcharges in Australia in 2026,/goto?url=CAESegHrOzAVxaLTXWKs-2MO_eU1vWda6YuhHbmkR2sMy7EVrsKCIBr6O4JbFN72LscciUt42eyAsIrFUuIjOVMvdaY-OEOE_q1ACgyE6q0mSHbQeVgECgEoaqfhkj2FSp9RQAN9jxeME6Y9uwMC7kQs5pSbfjsV5viWRMjb,Canstar / https://www.canstar.com.au › Credit Cards,web_result_candidate,,,au,"Google redirected to google.com.hk; device location unknown; gl requested, local ranking not independently guaranteed"
surcharge-ban-calculator-au.txt,9,Reserve Bank of Australia surcharging standard,/goto?url=CAESmQEB6zswFXBqsDLdTTGzWm932Ne2UQBgX33chdMbP_sqQ89Cm3mJ9ywR7Rd0R_Q8jmb0tsC_QeJweXqUs4Arr02k-RdOxLrLSdx6NvrGg1GHvBQDpqj1fA7FZEZ-7_ekPp6IoKHPeZTuL72lQ0m7DnL6THhKj5-RHD1eYS4fgOW_Uwx1XSTYGrUWllEa6rKwV4nn9A4IG1YaFt8,NAB / https://www.nab.com.au › ... › Merchant support centre,web_result_candidate,,,au,"Google redirected to google.com.hk; device location unknown; gl requested, local ranking not independently guaranteed"
surcharge-ban-calculator-au.txt,10,Removal of Card Payment Surcharges From 1 October 2026,/goto?url=CAESsgEB6zswFV9b9tZrbJkiWPoZ8QVsAhjg1bUEZqIQcgIDSgMEpP_myzlBGG6dof-frpfLsS9D970jSYF78gger6ZIz1wBMeleMSlLnVvkp1XaG3WBzOQjZxPf95DD0X3s3KqWbtYuV727s-2-mDPRRrsDZRmiALWBGp290FEwp2hsZLIxy7YUi55ApQT14VIIagbi6YqxpIuR4RIjYeq1NQzF4RZaK1Ek2k4DetUqU3YaD99g,rba.gov.au / https://www.rba.gov.au › conclusions-paper › faqs,web_result_candidate,,,au,"Google redirected to google.com.hk; device location unknown; gl requested, local ranking not independently guaranteed"
surcharge-ban-calculator-au.txt,11,Card Surcharge Calculator: RBA Rules 2026,/goto?url=CAESdQHrOzAV96GtZc1PvbdI4z1Ig9qwiynD1Y_BLqYAQRM1Ak_3coDQFdJssI4nSN_5oFvVmiQaF96FAdUva60lduMHDcr_feB_oIujS6j0ZsVhtMIU_RCxFklpvbUFC_LMmU8S-VBuXFA7JU2srNa4YVLTJpjW5Q,OneBookPlus / https://onebookplus.com.au › Tools,web_result_candidate,,,au,"Google redirected to google.com.hk; device location unknown; gl requested, local ranking not independently guaranteed"
tip-tax-deduction-calculator.txt,1,Tax Tip Calculator - Pay Calculator for Tipped Employees,/goto?url=CAESaQHrOzAVRHDmA5bEC8bjKmaVEph7asdEI5rirp1ooUc7DUkIy_vSG4_Eo1ijZQs2MqKsSNToS9hih6GYKTz-GRGf1Mr7CDCA4ON09zZvzyww0vZGP4WKakRgJhMC59PS-o-RO3h8PhHqXw,PaycheckCity / https://www.paycheckcity.com › calculator › taxtip,web_result_candidate,,,us,"Google redirected to google.com.hk; device location unknown; gl requested, local ranking not independently guaranteed"
tip-tax-deduction-calculator.txt,2,Tip Tax Calculator & Withholding Rules (2026),/goto?url=CAESfQHrOzAVK8q4cC53h010i12yGH0S_FjaMniyE27Xqdk32fg-X05Z0_9y-SHRp9OP5--j7ExpvrqiCNg-bmUGZCEdhze_lzcEovzBVbzsrPhcroSOswu0WA1k58ed-eNHk5ZDsEZ0LQxUglVcN2g5acK1sPjKyuFVkw4Gn-BX,OnPay / https://onpay.com › Payroll › Calculator Tax Rates,web_result_candidate,,,us,"Google redirected to google.com.hk; device location unknown; gl requested, local ranking not independently guaranteed"
tip-tax-deduction-calculator.txt,3,Tip Tax Calculator,/goto?url=CAESdAHrOzAVtWyKTexiyNTFOTaAgDuaHLem8zO6G0JwJjd6fXcsivYakUHGOgzc-CtuMXidCU-irK9F4anfF9ngMzkaO3bR_sTLOw6CiRn2EVeFfhcjKyoRmQOfQMEefd6xBZbiffbXxFToLcZy6Dtef22PsKad,Ahola / https://ahola.com › Calculators,web_result_candidate,,,us,"Google redirected to google.com.hk; device location unknown; gl requested, local ranking not independently guaranteed"
tip-tax-deduction-calculator.txt,4,Paycheck Tip Tax Calculator,/goto?url=CAESdwHrOzAV48m-jvah8LUM-pEJoAXLwUIzNS5b6X23q48EHrn6HLqmVSnm_2NH-MRmDyK7Y2P4bVzyiLxHXBvLjsn_sy-WUPKbUdX5PbxEWfQV-0n1CnTYI0p4UEc48O-7EGWxtbEZLVZLAoKwksrabgc4dCxjMw7P,coad.com / https://www.coad.com › Resources › Calculators,web_result_candidate,,,us,"Google redirected to google.com.hk; device location unknown; gl requested, local ranking not independently guaranteed"
tip-tax-deduction-calculator.txt,5,How To Calculate No Tax On Tips | One Big Beautiful Bill Act,/goto?url=CAESZgHrOzAV-BIAU-4naG5QhpShnrIejKoPInZTa_r4FNGICSpLtqnW2fU1n5lr_xJTlicHVE7cmrVixk3e5UP_ByTABuDIQbGvLg66pufUraUK3ICCxlyNPJY8763OcRPgbB8P0aGhDQ,YouTube · Number Crunch Nerds / 3.7K+ views · 1 year ago,video_or_social_excluded,,,us,"Google redirected to google.com.hk; device location unknown; gl requested, local ranking not independently guaranteed"
tip-tax-deduction-calculator.txt,6,No Tax on Tips Calculator 2026 | OBBBA Tip Income Deduction,/goto?url=CAESeQHrOzAVCPEuti4rRJHDzE9Xnx2uGyHKiqVDBoG_kcYe76hrEARdqiF6sAu7YABtzzDCPzdZnziBnr-HkOo9rUWeJ1jWQ7FUQhrGndB12hwPfHfCuotStnkFnlvaAIZmSYaJp5DhFREKhXnNASWd9igQouO-vuskVcs,yourincomecalculator.com / https://yourincomecalculator.com › Home › Calculators,web_result_candidate,,,us,"Google redirected to google.com.hk; device location unknown; gl requested, local ranking not independently guaranteed"
tip-tax-deduction-calculator.txt,7,No Tax on Tips Calculator: Figure Your Exact Savings,/goto?url=CAESbAHrOzAVm44kmHPrKmY2LUm9cs-dZ65I7Nx0TFrFkyHJYwBp3zd00-Ozt1t37QDniqXOnSNW3bQ8epmpniOE9AVyuboBWbkfffj9UTwUoEMGex5xOJpBbhPBoAWqZlugSivutOr9GfRIWVmeGA,Plootus / https://www.plootus.com › Resource Hub,web_result_candidate,,,us,"Google redirected to google.com.hk; device location unknown; gl requested, local ranking not independently guaranteed"
tip-tax-deduction-calculator.txt,8,No Tax on Tips Calculator | New 2025 Deduction Explained,/goto?url=CAESZgHrOzAVMec5zUvstX1Pox7TfSx9vkr3DA-nJbgonW7NG9sz1zpqiQ6BaEyjIUBfagoskGp7oEpNzRTLyjp_BawrvpiXvBX1-m3dZdb1WfHthjbrEXWCTxNNWzTIu869jNA6g4whPQ,YouTube · Forager Tax / 1.3K+ views · 1 year ago,video_or_social_excluded,,,us,"Google redirected to google.com.hk; device location unknown; gl requested, local ranking not independently guaranteed"
tip-tax-deduction-calculator.txt,9,Tip Tax Calculator 2026 — No Tax on Tips Deduction,/goto?url=CAESXwHrOzAVUm0HHub4oIDjWJ18yfljntM98EPemw3oOqFaBbwvaOYuPhZ5qdPARRuWqLi0gcMhPqEWCSTz3EuIFLLHSzuDOs63irAKpi84Tz_G2vA579-by0iZRAePm9PS,Jupid / https://jupid.com › Tools,web_result_candidate,,,us,"Google redirected to google.com.hk; device location unknown; gl requested, local ranking not independently guaranteed"
tip-tax-deduction-calculator.txt,10,No Tax on Tips Calculator (2025–2026) - National Tax Tools,/goto?url=CAESfgHrOzAV4dYey7Lpm2UjFc4xFsuQl7i7PF352CN-XhDG6nYp6F83LC23XhBojof0vh5XfmMuIEEPPADwLSSfVaS08lqKxK51SHY8riSYePz7whmWF38WrR_jSbf7erMDeYqLrPxQhNVEZ8PlOR8x4ZRpxy6n4uY4BttrvMYZOQ,nationaltaxtools.com / https://nationaltaxtools.com › Calculators,web_result_candidate,,,us,"Google redirected to google.com.hk; device location unknown; gl requested, local ranking not independently guaranteed"
w2-code-tt.txt,1,2026 General Instructions for Forms W-2 and W-3,/goto?url=CAESZAHrOzAV70Lt1ty6E04NkmXHx3gF9ZDOlPlCQ5PAZAoUlsdq508_D5Pgu3QV5FZyk3RalldLkvy-L-oQfbdtLbe8E5s50ADZucQ7NJhTEVPOheKXa3IrV6NVG1uW6jILNLOzNhg,IRS (.gov) / https://www.irs.gov › pub › irs-pdf,web_result_candidate,,,us,"Google redirected to google.com.hk; device location unknown; gl requested, local ranking not independently guaranteed"
w2-code-tt.txt,2,What do the W-2 box 12 codes mean?,/goto?url=CAESmQEB6zswFYy3q2pLNlwwVtvrpxw2SXjfq2IYx9Md4qCMrND-8S25dHHKuPUU1wAIhn1TE2izeS9SPSgWNHiNNbBN1YG3LjwlfhQvUNqTkFaa8HVQATieDdiZHWljUvBZX0-uCf-2MpCJAP3mC5i_sUxszNULO0VRBeNcK0VKs3uhF8CH8qfAruVJruKJZeBhpVzT6HHBxWJOUsg,TaxSlayer / https://support.taxslayer.com › en-us › articles › 360015...,web_result_candidate,,,us,"Google redirected to google.com.hk; device location unknown; gl requested, local ranking not independently guaranteed"
w2-code-tt.txt,3,Box 12 Code TT and TP: 2026 W-2 Tips and Overtime,/goto?url=CAESdwHrOzAVMcKXqgSrp_3mIwrjcxNfa-s8SyCHET3ZQbaERBYVQRT7SOcy8A8FYEFqccwGgIKEKyC-OFIdc4hXxfx5oqulBNmFJ1-tynIB4a-ZOpGDoDXndFle50NcIVxJoMimNeqs2FmH6xhTDKlZsumREHTep2z_,Coeur Workforce Solutions / https://coeurws.com › Blog,web_result_candidate,,,us,"Google redirected to google.com.hk; device location unknown; gl requested, local ranking not independently guaranteed"
w2-code-tt.txt,4,How do I enter the letter code TT for box 12 when it is not in ...,/goto?url=CAESxgEB6zswFRtrGuIakvwgqU-JVb33BMaTChbdS0qJWOkPUnIvTeu5YfiS68YhvetYTAi6WUVKRU-gMrCiV0MNzHj1YwGXKuOCpbCyXO-qEnMNvcu5Zj7HUsRZsKntVChZThDXhTfCc7QbdXC82T2AER_M8Ilrr_fZ8Zd7RgyYe-yL7avg_oh0AbXoD-d1vOgVd1zRKAirINgNsh0KZzFSkhw-u-vt0u_43G9hbZm8weZpAcuheqF0zX1fiVyJ2_2OJq8rf25JIrE,TurboTax Support / https://ttlc.intuit.com › ... › Taxes › Business & farm,web_result_candidate,,,us,"Google redirected to google.com.hk; device location unknown; gl requested, local ranking not independently guaranteed"
w2-code-tt.txt,5,W-2 Box 12 Code TT vs. Box 14: What Changed for ...,/goto?url=CAESogEB6zswFWBH5_dx4F2G4aoGluzoScxDvQEu-ZQQhQCTv8ew4CzKJIiDSp6sLGDzPKlgouxvC_CpHyrF0L0MvjTLcxrEIr82y6OVdESTFR7lgwjMckqTYQQJE25IVV4S5GxyTKPYhTYfH0x2_0paIEJtDyqx9liR9pGCcAm8TabCO3wSM8EBOiTAnHSV0tvobDwis3vA-X9YQH6FWIeiynp_X8k,TaxBandits / https://blog.taxbandits.com › W-2 Forms,web_result_candidate,,,us,"Google redirected to google.com.hk; device location unknown; gl requested, local ranking not independently guaranteed"
w2-code-tt.txt,6,Form W-2 box 12 codes and instructions,/goto?url=CAESzQEB6zswFXFRDhEbfXHyS-88vsVMfQHNXvLUWQZDZZ2xWpC7SA9ZNxRaKwqJBCkCfOIsCF-oNug1UxJIFMHbk4StM0XWMR1GBnuiM7yJ89KPVz633eFR4HlVcQqGobYWrL1Zwr2pcuOwgrtRAPbc1Ts1dslx_l6rN73InMFd37m__S_hrst-vPCnxnBgYHi_nmeizG5_-w5oL21Y_NjjC4yXZQnjNEKN4_z-tp7jm41PDmX2zmUnZrpftUs-QnKSi77rLS1g6NWCZwLRH8JQ,H&R Block / https://www.hrblock.com › tax-center › irs › forms › un...,web_result_candidate,,,us,"Google redirected to google.com.hk; device location unknown; gl requested, local ranking not independently guaranteed"
w2-code-tt.txt,7,Entering Box 12 information on your W-2,/goto?url=CAESlQEB6zswFZUANDQeW78bG29im543AN3SABwpOKLszr5LU03uNILrdp48mXIkXXnyEvpmUfjiBN5gnJZVxg9uGi1W6jDucc60VhbNcj2kvDFHRfP9IqXmB6kRAHaO0_ZD8JHLvTD6u_uVkD3TYB5acpvY_2CB9xsfZ01eHzRvVx5GZ0IjexFPE5xagfV_WxFDKccTnszNWQ,Jackson Hewitt Tax / https://www.jacksonhewitt.com › w-2-box-12-codes,web_result_candidate,,,us,"Google redirected to google.com.hk; device location unknown; gl requested, local ranking not independently guaranteed"
w2-code-tt.txt,8,What Do the Letter Codes Mean in Box 12 of My W-2 Form?,/goto?url=CAESZAHrOzAVd8_ECM7ox75GmtxHiEwEXu5bvRAnT1H_67spn8aAUkJ6wot2wjeYhnuETXirRT9xoJvtRKuKLo2JvgeIVOXmCWAqkKbmA5EthCNb0x9XZu0DtvLmnIY8hmq9PvDywFg,TaxAct Blog / https://blog.taxact.com › Tax Forms,web_result_candidate,,,us,"Google redirected to google.com.hk; device location unknown; gl requested, local ranking not independently guaranteed"
w2-code-tt.txt,9,Form W-2 Box 12 Codes and Explanations,/goto?url=CAESjwEB6zswFXcunk1kRm5XO6MuENfUELnp6zq35-x3sTwNQu1wYUktdhoxQxXhsA7PSjreIu7Q4E3CsNedAo6VBpSngBeadcENjmgseSk0J0QSarXqa0YAOP7hGVhJL_1zvcDNq6pN9ShrUKpwMqxw5YB3MxBLgMz7QbfEgAu1Uch0BnVJKF8kFzGibopa4iHl2A,Patriot Software / https://www.patriotsoftware.com › blog › payroll › for...,web_result_candidate,,,us,"Google redirected to google.com.hk; device location unknown; gl requested, local ranking not independently guaranteed"
w2-code-tt.txt,10,"New Tip & Overtime Codes to W-2 (IRS Tax Form) YouTube Teaching Tax Flow Sep 18, 2025",/goto?url=CAESZgHrOzAViKUFPm2mSfubzKI7cD8nLHRK1IUcb32hDSn9lTWCiFtRPWtSq3SF1P0X7_uAFLm_vJjXzGhcmndb1SbGx6c3Dl_EGnyedDHNXrPsW8XYmW3t6HdWocDs8xlPHCIkZmB3Og,"New Tip & Overtime Codes to W-2 (IRS Tax Form) / · Teaching Tax Flow / Sep 18, 2025",video_or_social_excluded,,,us,"Google redirected to google.com.hk; device location unknown; gl requested, local ranking not independently guaranteed"
w2-code-tt.txt,11,"Box 12 On Your Tax Return: How To Enter Box 12 Info & More YouTube Jackson Hewitt Aug 6, 2024",/goto?url=CAESZgHrOzAV31dDf2rUSRyjrhGNkoYUVwKPekYhNd9o3eJQOLtC_FFGwy6gsKGKfbNqkoLx2hs6OtSt-I8RFJw2lh_nf2mh-TFsrdBMs5Gx-1D-uA0U8b6tfq3QVtfnQ3P0T9GuuRw1QQ,"Box 12 On Your Tax Return: How To Enter Box 12 Info & More / · Jackson Hewitt / Aug 6, 2024",video_or_social_excluded,,,us,"Google redirected to google.com.hk; device location unknown; gl requested, local ranking not independently guaranteed"
w2-code-tt.txt,12,"What is W2 Box 12? YouTube SK Financial CPA LLC Nov 14, 2025",/goto?url=CAESZgHrOzAVI-Sgkgu6ziYL7a-6h-7thuxFuJABqyQJsrKSLJqnY_Cj3_IqeNz5KlNhueSSj48cm5n7fdVD3ZP5pOPx1a6W1EJqGAu_ozrvtvS1EWtLSoL_Etr01M_GBvQM5vvNgEngJQ,"What is W2 Box 12? / · SK Financial CPA LLC / Nov 14, 2025",video_or_social_excluded,,,us,"Google redirected to google.com.hk; device location unknown; gl requested, local ranking not independently guaranteed"
waste-transfer-note-template-gb.txt,1,Duty of care waste transfer note form,/goto?url=CAESjwEB6zswFT_dAMh57eXyZtn5Shuc99fAPXhY2OHlNZdbaQTJ4Bx05v6Q0mud8LO7YdvttHGRTVG9dTAXiEAtlBVj4ZoDEf6W9SmK2350Jy8f4ODWA8Fq-zNitf1rgAM2Ww22FSj3qVr-9m8kk7ydq1w0lypmP1JOr8vGeorR53s1XGdB8kyuVcRvGX-qzFJUjA,GOV.UK / https://www.gov.uk › ... › Waste management,web_result_candidate,,,gb,"Google redirected to google.com.hk; device location unknown; gl requested, local ranking not independently guaranteed"
waste-transfer-note-template-gb.txt,2,Waste transfer note template,/goto?url=CAESiQEB6zswFUoJFae_ptwRdJYdMi81dUkHjSfECN0sQTLtae2ZKPfz_SCgLfvUbpcjl0zDllh_Abm2og6tMnOlQhMsEwdSOafePCZRtlxGaK-pYd7nkXuLkuHSqDTAEfm0Dj9iQIPYhMoFHZJgRnaVVfeEnNgd4tu0Bukz6e2-C4UQHb1GvkV-PlurVg,Ealing Council / https://www.ealing.gov.uk › downloads › download,web_result_candidate,,,gb,"Google redirected to google.com.hk; device location unknown; gl requested, local ranking not independently guaranteed"
waste-transfer-note-template-gb.txt,3,Waste Transfer Notes and how to complete them,/goto?url=CAESyQEB6zswFbcsnnMdrMXIDs6RvFCYgOZzh_D51zRIfGWiHq-bHlkWPAdwtHP5n3dJs4wQOjnv7Rbrp3E2DniwS7d40IbD3BPUDP0w-PtzMjv_RVQ0t2YV5YPlFAoNOMwzg31etSBJFjJA8hDy4SvEto56RGnfNiYv73YEJ-_ktk4GgK4AYqZ7FpAnaagub_i4hL6iAeRzd9ZiD0EnQWWmTGy6Lr0X6MmzAJGmqc-5khSl59RZyPJHfYG45BVBWkJoLSJABCBmyQyFnRM,NetRegs / https://www.netregs.org.uk › waste › waste-transfer-not...,web_result_candidate,,,gb,"Google redirected to google.com.hk; device location unknown; gl requested, local ranking not independently guaranteed"
waste-transfer-note-template-gb.txt,4,"Waste Transfer Note Template: Free Download, Stay ...",/goto?url=CAESfQHrOzAVGS3gZZugBZbFxPu2KojQ4wyMAJiVNdbAainzqTbNzb2C1c2Rp-Vyh1d90NqfJs4SmrvDtaENCdquaQHxEQTs3ERTzFBY8G1huZHCu-3x_4UsVCU9z0yLQgKBzTGqi_s2ti62i-j02p5elvfWUhDnkq3MPLGODs0Y,The Waste Group / https://www.thewastegroup.co.uk › news › waste-transf...,web_result_candidate,,,gb,"Google redirected to google.com.hk; device location unknown; gl requested, local ranking not independently guaranteed"
waste-transfer-note-template-gb.txt,5,Free Waste Transfer Note Template | Download PDF - Crate,/goto?url=CAESdwHrOzAVrtMFXt8GxZE01V4FcYByAGdIIFD8GNZYKPTKf6bZ0UdsKvm7TQkNcqGjKnl0h0W1cT-nGuK2dT6CeL_k2Ealgn2ypQqssuwwIjk-bYrqExP4kaS-5McBy1LwZxYO52c6ZtRjSbKpK2qbPhYCCQCsXKr_,mydatacrate.co.uk / https://mydatacrate.co.uk › free-waste-transfer-note-tem...,web_result_candidate,,,gb,"Google redirected to google.com.hk; device location unknown; gl requested, local ranking not independently guaranteed"
waste-transfer-note-template-gb.txt,6,Free Waste Transfer Note Template (UK) — Download PDF,/goto?url=CAESagHrOzAV7px0rGeBizbmOHZYoweYcsTngwunA8cYt7pwJ3PsB8n2kh0oyv3HnwNLSVzHN7-N2HDWyKgliUr4678jTE8DZ8hx45jaRdus2BSLfV0Pgol4iMaTZtLZ9WPgqLmOEZ6gN_lXp4c,qwtn.co.uk / https://qwtn.co.uk › waste-transfer-note-template,web_result_candidate,,,gb,"Google redirected to google.com.hk; device location unknown; gl requested, local ranking not independently guaranteed"
waste-transfer-note-template-gb.txt,7,Dispose of business or commercial waste: Waste transfer ...,/goto?url=CAEShAEB6zswFRL5XP8VytyJYGfmxWZal1ToQ4W-V7ENQKRDQkmtfzZvo7TbvTZNRVwavMNE2roeFB6myc8I_mH_2SdaB4W8pQSktnr4_vduQMneyrHsY9nxWdJ9JLRo_YEhD7Pz1w1mrXY3U-HP2uznbw0sgtxMjbO5e8H7wEEQnInTzMoh9tQ,GOV.UK / https://www.gov.uk › ... › Business waste,web_result_candidate,,,gb,"Google redirected to google.com.hk; device location unknown; gl requested, local ranking not independently guaranteed"
waste-transfer-note-template-gb.txt,8,Waste Transfer Note Template Guide | PDF,/goto?url=CAEShwEB6zswFWqzW04cg-rNzjtOUeNrT6lRu_ZHM59vrdWGy_WkGmMDWgQ_lYOLDY0W2doSpUgLVxRVBQOyNo3QoiocZTFLItwe6mN6jIUEqHrZtaVDnu5-dvuUmQUewKCIRXlzjLimzaUJ_ghqDlj2drK8QO47N6F7XKAG6REJ8rc9PKuMzTlCH6Q,Scribd / https://www.scribd.com › doc › Duty-of-Care-Waste-Tr...,web_result_candidate,,,gb,"Google redirected to google.com.hk; device location unknown; gl requested, local ranking not independently guaranteed"
waste-transfer-note-template-gb.txt,9,WASTE TRANSFER NOTE,/goto?url=CAESfgHrOzAVRS68x22UHq0buOPcNnor-jJSH-rUdApuAY3j2QLtcvHaZg7UiHCm6ft7Jij046bGA3xuSBB_Sec5yp4--mKgA-oKrGj0eL-_gxvybQRTKRIMc5ndh4RGazUO4e-aMCpSE4KDPL2ev4cdYg9wrdouSkSFa29WoWODIQ,AnyJunk / https://www.anyjunk.co.uk › documents › exampl...,web_result_candidate,,,gb,"Google redirected to google.com.hk; device location unknown; gl requested, local ranking not independently guaranteed"
